"{'gestureId': '4', 'fps': 30.002967652586804}"
1.8283772078575566e-06,0.23062515258789062,0.24368946254253387,0.0004188058082945645,0.01926339417695999,0.01665414310991764,7.4783160926017445e-06,8.447969435110281e-08,5.775758040726942e-07,0.03430395945906639,0.010599103756248951,0.11727652698755264,0.10435234010219574,0.003458249382674694,0.2826772928237915,0.3547952473163605,0.019850751385092735,0.06421368569135666,0.07489179819822311,0.09968740493059158,0.05903243273496628,0.02074015513062477,0.04603460431098938,1.3019912330491934e-05,0.0010313974926248193,0.0028257551603019238,3.0944640457164496e-05,0.00027319893706589937,0.0074213240295648575,0.004546616692095995,0.00026424616225995123,0.00043147950782440603,0.0002871868200600147,0.004100324586033821,8.872961916495115e-05,7.76810193201527e-05,0.08653136342763901,0.063067726790905,0.019094321876764297,0.0009112822008319199,0.02809756062924862,0.009833801537752151,0.24365758895874023,0.04058068245649338,0.00029670409276150167,0.00021411769557744265,0.0003753172350116074,0.001286139478906989,0.00024630845291540027,0.0002703461213968694,1.195519416796742e-06,5.708207027055323e-07
1.9561280169000383e-06,0.16861926019191742,0.18092690408229828,0.0005322163924574852,0.02993026003241539,0.022965867072343826,7.577284577564569e-06,8.73344347951388e-08,6.260945610847557e-07,0.040139734745025635,0.011893780902028084,0.10640297085046768,0.09359217435121536,0.003966930788010359,0.27125558257102966,0.32962673902511597,0.02062983065843582,0.07101982086896896,0.08421304076910019,0.10043401271104813,0.05967477336525917,0.018534326925873756,0.04079241678118706,1.1466406249382999e-05,0.0011974279768764973,0.0029673937242478132,2.562519694038201e-05,0.00029019208159297705,0.006929798983037472,0.0038133440539240837,0.0004050470015499741,0.0006393861258402467,0.0002456722140777856,0.005775078199803829,8.193980465875939e-05,6.98753647156991e-05,0.08730143308639526,0.06400878727436066,0.0159448329359293,0.000564180314540863,0.03172266483306885,0.009859399870038033,0.2915635406970978,0.04706788808107376,0.00032415977329947054,0.00022473970602732152,0.000538951251655817,0.001524444087408483,0.00024928789935074747,0.0002848949807230383,1.206099796036142e-06,5.955884603281447e-07
1.9918286398024065e-06,0.1719757467508316,0.17683987319469452,0.000518128159455955,0.029748043045401573,0.024586841464042664,8.500340300088283e-06,8.938897622101649e-08,6.104478416091297e-07,0.040170855820178986,0.013514464721083641,0.10165823996067047,0.0917942225933075,0.003967467695474625,0.26312026381492615,0.3291665017604828,0.021321766078472137,0.07390793412923813,0.08440247178077698,0.1106395274400711,0.0626336857676506,0.01906520687043667,0.03532181307673454,1.1725185686373152e-05,0.001096447347663343,0.002962634665891528,2.3041202439344488e-05,0.00024402010603807867,0.006124334875494242,0.0038938792422413826,0.0007938974304124713,0.0011612080270424485,0.00016749762289691716,0.004465513397008181,9.410793427377939e-05,7.700191054027528e-05,0.09925674647092819,0.07534535974264145,0.008975531905889511,0.0005251500988379121,0.03548750653862953,0.010207162238657475,0.3254733085632324,0.046119458973407745,0.00039553942042402923,0.0002725916856434196,0.0008483494748361409,0.0018543156329542398,0.0002684800128918141,0.000337463803589344,1.1562657391550601e-06,6.680147066617792e-07
2.04911088985682e-06,0.1949630230665207,0.20156314969062805,0.0005037209484726191,0.025984909385442734,0.021139642223715782,8.111486749839969e-06,8.776426341228216e-08,6.681281092824065e-07,0.03679925575852394,0.01446786243468523,0.11108653247356415,0.10048085451126099,0.003595384070649743,0.2837664484977722,0.33745306730270386,0.019396552816033363,0.06839355081319809,0.07654290646314621,0.1063576266169548,0.06738848239183426,0.02079790085554123,0.032519176602363586,1.6532274457858875e-05,0.000882275402545929,0.002293594414368272,2.449283783789724e-05,0.00020565865270327777,0.006262915674597025,0.002773562679067254,0.0011483703274279833,0.0018807458691298962,0.00019029843679163605,0.004282812122255564,0.00010535400360822678,9.984954522224143e-05,0.09688451141119003,0.06938531249761581,0.008893763646483421,0.00044325730414129794,0.025568921118974686,0.0070161097683012486,0.218685582280159,0.03492377698421478,0.0004415876464918256,0.000322174746543169,0.0008638073923066258,0.0032485765404999256,0.00023469568986911327,0.0002731692511588335,1.528596499156265e-06,7.991550887709309e-07
1.9097631138720317e-06,0.2095934897661209,0.22914691269397736,0.0004418784228619188,0.02588190883398056,0.017828406766057014,8.26656378194457e-06,8.417666208515584e-08,6.06833964411635e-07,0.031169630587100983,0.011678189970552921,0.11922512203454971,0.10444698482751846,0.003060657298192382,0.2961871027946472,0.36029067635536194,0.0187029130756855,0.06271474808454514,0.07191647589206696,0.09363285452127457,0.06509000808000565,0.023978272452950478,0.03794095292687416,1.7132504581240937e-05,0.000838204228784889,0.0023186595644801855,2.5526294848532416e-05,0.0002141083386959508,0.00477341515943408,0.003456450765952468,0.0012207773979753256,0.0018551861867308617,0.00019480293849483132,0.004858893342316151,0.00011582287697819993,9.459530701860785e-05,0.07752444595098495,0.07901213318109512,0.009256339631974697,0.00037788983900099993,0.02409164234995842,0.007076100446283817,0.19308634102344513,0.03454197198152542,0.0004350296512711793,0.00036344799445942044,0.0009376321686431766,0.002868211129680276,0.00021823146380484104,0.00031008562655188143,1.371956500406668e-06,7.665855150662537e-07
1.6972169305518037e-06,0.17774711549282074,0.1878747195005417,0.0005392027669586241,0.03136591240763664,0.022494234144687653,8.274357242044061e-06,7.686244174465173e-08,5.582738822340616e-07,0.03150379657745361,0.010752256959676743,0.13212257623672485,0.11874382197856903,0.0035380623303353786,0.2964015603065491,0.33376553654670715,0.018273213878273964,0.057545676827430725,0.06383020430803299,0.09933681786060333,0.05412185564637184,0.02407142147421837,0.04193403199315071,1.5354315110016614e-05,0.0010000441689044237,0.0024112151004374027,2.2561513105756603e-05,0.00023633062664885074,0.004874087870121002,0.004281704314053059,0.0008584543247707188,0.0011801309883594513,0.00019698619144037366,0.004269556142389774,0.00010668930917745456,8.453394548268989e-05,0.0930059477686882,0.08290818333625793,0.00976667832583189,0.0005316142924129963,0.024676840752363205,0.0073531451635062695,0.20448200404644012,0.033212583512067795,0.00045630763634108007,0.0003509573289193213,0.000960830133408308,0.0017978580435737967,0.0001878518523881212,0.00027304375544190407,1.3171763839636697e-06,6.689167548756814e-07
2.198414676968241e-06,0.20423875749111176,0.22227689623832703,0.0004555725317914039,0.0244746096432209,0.018873868510127068,8.507542588631622e-06,1.0279055118189717e-07,6.536874934681691e-07,0.03724568709731102,0.01337408646941185,0.10098651051521301,0.08830104023218155,0.0032546797301620245,0.2208588421344757,0.3866288959980011,0.027672933414578438,0.07142231613397598,0.08253063261508942,0.1115332543849945,0.07516776025295258,0.019920408725738525,0.03393445163965225,1.707704723230563e-05,0.0009334005881100893,0.002296644961461425,2.403964572295081e-05,0.00022758738487027586,0.0058679524809122086,0.0030251373536884785,0.001045739627443254,0.0016492045251652598,0.0002045707224169746,0.004741409793496132,9.680207585915923e-05,8.422929386142641e-05,0.09757380932569504,0.07412917912006378,0.0085621178150177,0.00042193435365334153,0.022277595475316048,0.007069311570376158,0.21176153421401978,0.03806969150900841,0.0005554529489018023,0.0004191311600152403,0.0009973985143005848,0.002906899666413665,0.00025397984427399933,0.00032878387719392776,1.4130683894109097e-06,8.912311955100449e-07
1.8703118485063897e-06,0.18190492689609528,0.18619892001152039,0.0004296000406611711,0.029162341728806496,0.02337666228413582,8.62922752276063e-06,9.256996236217674e-08,5.729968961531995e-07,0.03496744856238365,0.01085040345788002,0.09070086479187012,0.08171432465314865,0.002824903465807438,0.24208752810955048,0.4026811718940735,0.024804649874567986,0.08007781207561493,0.09043313562870026,0.13151635229587555,0.06492403894662857,0.02204747684299946,0.039288781583309174,1.586538019182626e-05,0.0009502219618298113,0.0026766275987029076,3.08763119392097e-05,0.0002667236840352416,0.005765782203525305,0.004911577329039574,0.00046980849583633244,0.0007194174686446786,0.0002641486644279212,0.005530811846256256,0.000110835004306864,8.69870200403966e-05,0.07153167575597763,0.07774970680475235,0.015478268265724182,0.000497862056363374,0.02685406431555748,0.009107830002903938,0.19614823162555695,0.032826609909534454,0.0003004994650837034,0.00025215718778781593,0.0005147296469658613,0.0016385933849960566,0.0001752241951180622,0.0002442961558699608,1.2760168601744226e-06,6.957975529076066e-07
1.6969515854725614e-06,0.18774978816509247,0.21366536617279053,0.0003653748717624694,0.03103507123887539,0.01920080929994583,7.82295046519721e-06,7.905192944690498e-08,5.881412334929337e-07,0.03108225390315056,0.008384582586586475,0.15687806904315948,0.13852424919605255,0.0036611875984817743,0.26875558495521545,0.3375965654850006,0.020723668858408928,0.048574961721897125,0.05402825027704239,0.09683262556791306,0.047701071947813034,0.02519064210355282,0.05203576758503914,1.3397125258052256e-05,0.0009088576189242303,0.0026129521429538727,2.8184338589198887e-05,0.00025253347121179104,0.005041368305683136,0.004740288481116295,0.0005995590472593904,0.0008825542172417045,0.00022885948419570923,0.0037668936420232058,0.00010061744251288474,7.776381244184449e-05,0.07968398183584213,0.08046495169401169,0.014078352600336075,0.000734177534468472,0.027008185163140297,0.008151698857545853,0.23354090750217438,0.03857021778821945,0.00033500022254884243,0.00027976889396086335,0.000627343833912164,0.0016963110538199544,0.0001984627451747656,0.0002980948775075376,1.2054661056026816e-06,6.344535563584941e-07
1.6916048934945138e-06,0.1518515795469284,0.16260284185409546,0.0005532391369342804,0.03902209922671318,0.026008225977420807,7.94024072092725e-06,8.060739986603949e-08,5.516082524081867e-07,0.036775629967451096,0.011257891543209553,0.1116468757390976,0.09839397668838501,0.003626846242696047,0.2762826085090637,0.3370295763015747,0.020215539261698723,0.06785458326339722,0.07741358876228333,0.10436875373125076,0.05912028253078461,0.020975524559617043,0.039892636239528656,1.5560332030872814e-05,0.0009417205583304167,0.0021639885380864143,2.2821948732598685e-05,0.00020712237164843827,0.004698717966675758,0.004080371465533972,0.000879526196513325,0.0012722890824079514,0.0002105931198457256,0.00538809085264802,0.00011271060793660581,8.377287304028869e-05,0.08280622214078903,0.08857571333646774,0.010087201371788979,0.0004151356406509876,0.02169840969145298,0.0066583165898919106,0.2075391560792923,0.03604685887694359,0.00045174083788879216,0.0003721863031387329,0.000902613450307399,0.002120623830705881,0.00021598319290205836,0.00030994019471108913,1.4547782711815671e-06,6.868804121040739e-07
1.8977711988554802e-06,0.1376783549785614,0.15405268967151642,0.0005990703939460218,0.043574009090662,0.027686696499586105,8.274309038824867e-06,8.868251910598701e-08,6.231869065231876e-07,0.03419322147965431,0.010641663335263729,0.10598441958427429,0.09216059744358063,0.003322185017168522,0.27224427461624146,0.35413646697998047,0.020904868841171265,0.0711488276720047,0.08173143863677979,0.09642553329467773,0.0592513233423233,0.022369951009750366,0.041741274297237396,1.595197682036087e-05,0.0008343001245521009,0.00209996965713799,2.2402451577363536e-05,0.00020236877026036382,0.004937163554131985,0.0035617323592305183,0.0012927947100251913,0.001914949156343937,0.00018156242731492966,0.00529437093064189,0.00010600217501632869,8.131157665047795e-05,0.09182792156934738,0.09276183694601059,0.007510047405958176,0.00036420777905732393,0.021402258425951004,0.006191367283463478,0.22614766657352448,0.03952493891119957,0.0005961168208159506,0.0004935565521009266,0.0012012349907308817,0.002988297725096345,0.0002512969949748367,0.0003609023115132004,1.479900333833939e-06,7.909413852758007e-07
1.74932461050048e-06,0.16839899122714996,0.18822261691093445,0.0005098580149933696,0.03280241787433624,0.02181115187704563,8.522200005245395e-06,8.40621083852966e-08,5.449099376164668e-07,0.0360264852643013,0.01221513282507658,0.11126763373613358,0.09578514844179153,0.0033149048686027527,0.27945876121520996,0.35531044006347656,0.02050033025443554,0.06767794489860535,0.07916197180747986,0.10225195437669754,0.06789606064558029,0.020943650975823402,0.03700903430581093,1.5979780073394068e-05,0.0011073157656937838,0.0023004210088402033,1.973491998796817e-05,0.0002169780491385609,0.004250803031027317,0.0036453516222536564,0.0013196824584156275,0.0017187462653964758,0.00017717084847390652,0.005731436889618635,0.00010775929695228115,8.218027505790815e-05,0.08666501194238663,0.08092094212770462,0.008014359511435032,0.0003288678708486259,0.02265538088977337,0.007121510338038206,0.21097566187381744,0.03740188851952553,0.0005251516122370958,0.0003905205230694264,0.0014127432368695736,0.0019326969049870968,0.000214165891520679,0.0003232293529435992,1.3089691037748707e-06,7.261188557095011e-07
1.6173889889614657e-06,0.16124215722084045,0.18126320838928223,0.000560973072424531,0.033460430800914764,0.022070670500397682,8.031685865717009e-06,7.979695482163152e-08,4.771569592776359e-07,0.033600036054849625,0.012185303494334221,0.11861507594585419,0.1026536375284195,0.0033318172208964825,0.2775546610355377,0.35466375946998596,0.02060546539723873,0.06343871355056763,0.07256482541561127,0.09430752694606781,0.06572218239307404,0.02247513271868229,0.03661015257239342,1.727672315610107e-05,0.000978558324277401,0.0018812345806509256,2.0146500901319087e-05,0.00019960499776061624,0.004408662673085928,0.00489003537222743,0.0008493294008076191,0.0010814834386110306,0.00022305961465463042,0.004891664255410433,0.00011027901200577617,8.108586916932836e-05,0.08822126686573029,0.0905090942978859,0.010116840712726116,0.000489891623146832,0.01660408265888691,0.00491675827652216,0.1955128312110901,0.039644937962293625,0.0006342282285913825,0.0005143971648067236,0.0011585579486563802,0.0015744989505037665,0.0002554768288973719,0.00041125257848761976,1.4476452179223998e-06,6.527362756969524e-07
1.4216192312233034e-06,0.07257550954818726,0.11752535402774811,0.0012482128804549575,0.0761362761259079,0.03328773379325867,7.780178748362232e-06,8.981879773273249e-08,5.51675100268767e-07,0.02931482158601284,0.00932298693805933,0.14942830801010132,0.12898142635822296,0.0044288174249231815,0.23442569375038147,0.3134361207485199,0.024235744029283524,0.05066562816500664,0.05688044801354408,0.08419828861951828,0.05198341980576515,0.025759026408195496,0.04930013418197632,1.6145402696565725e-05,0.0007379534072242677,0.0018672265578061342,1.958840584848076e-05,0.00017734308494254947,0.0036091869696974754,0.0031072383280843496,0.0019434144487604499,0.0025909694377332926,0.00015761051326990128,0.0045549520291388035,0.0001111789169954136,8.154398528859019e-05,0.09015196561813354,0.09147734940052032,0.00634531956166029,0.00037932797567918897,0.017396192997694016,0.004814497660845518,0.19754518568515778,0.03920135647058487,0.0006825441378168762,0.0005779598141089082,0.0017524517606943846,0.0028308627661317587,0.00029499793890863657,0.00047670057392679155,1.571844563841296e-06,7.711720400038757e-07
8.180315944628092e-07,0.00489463098347187,0.007578646764159203,0.04160543903708458,0.38673266768455505,0.17638953030109406,6.0920310716028325e-06,9.209797724452073e-08,5.751846856583143e-07,0.009891234338283539,0.004543876741081476,0.2127739042043686,0.19791004061698914,0.00343850115314126,0.3834775984287262,0.35610726475715637,0.01107746735215187,0.03525867685675621,0.03820431977510452,0.025277964770793915,0.022307459264993668,0.05839074030518532,0.10624903440475464,1.4265587196859997e-05,0.0007633086643181741,0.0023920065723359585,2.872716504498385e-05,0.0001985840790439397,0.0035924678668379784,0.00445698294788599,0.0006092148832976818,0.0008392655872739851,0.0002802943636197597,0.0023199848365038633,0.00016422242333646864,0.00013191424659453332,0.06362462043762207,0.07647920399904251,0.017652390524744987,0.0013827822403982282,0.02193576656281948,0.006263162475079298,0.1643674522638321,0.03776007518172264,0.0002108973276335746,0.00020692675025202334,0.0004328678478486836,0.0014609929639846087,0.0002627646317705512,0.0004841187328565866,2.466200612616376e-06,4.593405833475117e-07
6.012571134306199e-07,0.00048731264541856945,0.0006668688729405403,0.3061619699001312,0.6513498425483704,0.4732153117656708,7.382188869087258e-06,1.894610619501691e-07,8.241260047725518e-07,0.007013280410319567,0.0031100537162274122,0.3962154686450958,0.37012460827827454,0.00728226313367486,0.30129164457321167,0.28602486848831177,0.013988301157951355,0.016448892652988434,0.01680016703903675,0.01587066240608692,0.013237157836556435,0.07889439910650253,0.17135673761367798,1.6947935364441946e-05,0.0008897408260963857,0.002699541626498103,3.4195170883322135e-05,0.00017516202933620661,0.002273270394653082,0.0030377821531146765,0.0032676842529326677,0.00359853683039546,0.00021266906696837395,0.00171857129316777,0.0002347594709135592,0.00019503990188241005,0.06471414119005203,0.06196024641394615,0.012877834029495716,0.0015001154970377684,0.028319457545876503,0.006092391442507505,0.23244786262512207,0.044774170964956284,0.00020363811927381903,0.0001597281516296789,0.0012467349879443645,0.0017079218523576856,0.00034246512223035097,0.0006593887228518724,3.3102342058555223e-06,4.7539506908833573e-07
5.469900088428403e-07,0.0002508381148800254,0.0002899561950471252,0.3988530933856964,0.724432110786438,0.6016726493835449,6.247976671147626e-06,2.0216785401316884e-07,7.955772503009939e-07,0.006760616321116686,0.0030872784554958344,0.4231412410736084,0.40224069356918335,0.008037094958126545,0.31868138909339905,0.30926233530044556,0.010864399373531342,0.014868181198835373,0.015099862590432167,0.01308805588632822,0.01527129951864481,0.08047900348901749,0.19209595024585724,1.6011221305234358e-05,0.0006679294165223837,0.0023543727584183216,4.590907337842509e-05,0.0001885596284409985,0.0034146280959248543,0.0031653966289013624,0.0015679156640544534,0.0018861512653529644,0.00029727243236266077,0.002235173713415861,0.00017574307275936007,0.0001639658003114164,0.06135423853993416,0.050116803497076035,0.02106129378080368,0.0017047979636117816,0.020792733877897263,0.005280638113617897,0.24097095429897308,0.04908166825771332,0.00021916582772973925,0.0001642011193325743,0.0008449950255453587,0.001468663802370429,0.0005680859321728349,0.000909610593225807,3.6515359624900157e-06,3.514820718919509e-07
5.657403789882665e-07,0.0001578963128849864,0.00012997802696190774,0.47593554854393005,0.7664682269096375,0.7167736291885376,7.536078555858694e-06,2.717405891417002e-07,8.376926530218043e-07,0.007659051567316055,0.0038994376081973314,0.43896088004112244,0.4263392686843872,0.00985926017165184,0.3147636950016022,0.3074255883693695,0.009894517250359058,0.013762240298092365,0.014204239472746849,0.014311246573925018,0.019504442811012268,0.07143145054578781,0.18103520572185516,1.8743883629213087e-05,0.0007857966120354831,0.0023998888209462166,3.018663846887648e-05,0.00020075291104149073,0.002794358180835843,0.0032952965702861547,0.004645588342100382,0.004892571363598108,0.0002068681496893987,0.0015907713677734137,0.00021345543791539967,0.00019114439783152193,0.08569055795669556,0.06232720613479614,0.009675940498709679,0.0015317893121391535,0.022174490615725517,0.004651890601962805,0.27164679765701294,0.049872513860464096,0.0004300888685975224,0.0002969084307551384,0.0022690296173095703,0.00202348455786705,0.0008157340344041586,0.0014393827877938747,3.512653393045184e-06,4.002079379006318e-07
5.018601996198413e-07,0.00016357949061784893,0.00013175232743378729,0.48677727580070496,0.7654533982276917,0.7045881152153015,8.108965630526654e-06,2.3355815415015968e-07,9.251617711925064e-07,0.006963950581848621,0.003151578363031149,0.471651554107666,0.45810723304748535,0.010120882652699947,0.3112320303916931,0.3060187101364136,0.009881245903670788,0.012725439853966236,0.012146072462201118,0.013895740732550621,0.014087952673435211,0.08279473334550858,0.20444060862064362,2.7825695724459365e-05,0.0007147861761040986,0.002034572884440422,3.0900584533810616e-05,0.00016022437193896621,0.0029557805974036455,0.0025775001849979162,0.00529872439801693,0.0058332462795078754,0.0002275971492053941,0.0019800597801804543,0.0002801167138386518,0.0002778120688162744,0.09044533967971802,0.0589388832449913,0.008717555552721024,0.0011018787045031786,0.016883809119462967,0.004630131181329489,0.14663738012313843,0.03277469053864479,0.0004983299877494574,0.0003356303204782307,0.002414862858131528,0.002647791989147663,0.0006584341754205525,0.0010294439271092415,4.756032012664946e-06,4.4564529844137724e-07
5.013670261178049e-07,0.00016309822967741638,0.00011608615022851154,0.4683707058429718,0.7748603820800781,0.7418394088745117,8.905064532882534e-06,2.3503959312165534e-07,9.778228786672116e-07,0.00758795952424407,0.0030578721780329943,0.5209565162658691,0.5102733373641968,0.01064396183937788,0.304440975189209,0.2992902398109436,0.010380062274634838,0.010237716138362885,0.00951336044818163,0.01468789204955101,0.013094167225062847,0.07754708081483841,0.20574118196964264,2.622563624754548e-05,0.0010447491658851504,0.0023098301608115435,2.3922964828670956e-05,0.00019894191063940525,0.0036493840161710978,0.0029553628992289305,0.0045326403342187405,0.0048346128314733505,0.00021027792536187917,0.0021310506854206324,0.00025688594905659556,0.0002592586388345808,0.09574278444051743,0.05244096741080284,0.009482811205089092,0.0011417423374950886,0.019572250545024872,0.004940490238368511,0.16815128922462463,0.03344046697020531,0.0005204714252613485,0.0003143414796795696,0.0024046082980930805,0.0019972166046500206,0.0006559173343703151,0.0010039026383310556,4.4638773033511825e-06,4.6167434675226104e-07
5.232493549556239e-07,0.00012762608821503818,8.359285129699856e-05,0.5344113111495972,0.8044947385787964,0.7781559228897095,9.443997441849206e-06,2.858641607872414e-07,1.0810450703502283e-06,0.006813798565417528,0.0031602478120476007,0.5632443428039551,0.5553903579711914,0.0135884378105402,0.2912071645259857,0.28536513447761536,0.00966202188283205,0.00889713503420353,0.007384043186903,0.015042487531900406,0.011439262889325619,0.09152953326702118,0.20708231627941132,2.2008074665791355e-05,0.0012723288964480162,0.0028298692777752876,2.608341492305044e-05,0.00020390079589560628,0.0030533806420862675,0.0028477369341999292,0.005532923154532909,0.005951277911663055,0.00021176216250751168,0.001767515204846859,0.0002812354941852391,0.000265256327111274,0.08858305215835571,0.05190334841609001,0.009818839840590954,0.001414916361682117,0.02659541554749012,0.0067322878167033195,0.2171955406665802,0.04244459792971611,0.00039091811049729586,0.00023811882419977337,0.002306203357875347,0.0020330080296844244,0.0007570703746750951,0.0011715046130120754,4.774710760102607e-06,4.7382806656059984e-07
5.988428029013448e-07,0.00011540791456354782,7.049345003906637e-05,0.5876328945159912,0.8135903477668762,0.7943515777587891,1.0518263479752932e-05,3.004651034643757e-07,1.1747957842089818e-06,0.006724887993186712,0.0029169772751629353,0.5288995504379272,0.5183320045471191,0.012037929147481918,0.28583085536956787,0.2784779965877533,0.011459453962743282,0.010710104368627071,0.00891357846558094,0.015725940465927124,0.010639624670147896,0.09742094576358795,0.22101999819278717,1.9228966266382486e-05,0.0013532547745853662,0.0035285651683807373,2.6772295314003713e-05,0.00021386961452662945,0.0028211702592670918,0.002994942246004939,0.007243622560054064,0.00822727382183075,0.00016268288891296834,0.0016519349301233888,0.0002866536960937083,0.00024194270372390747,0.07885845750570297,0.05799385905265808,0.007277965545654297,0.0013216855004429817,0.037615466862916946,0.010292161256074905,0.2633726894855499,0.04673429951071739,0.00032101880060508847,0.00021216900495346636,0.0021886492613703012,0.0024743997491896152,0.0006570282275788486,0.0010969176655635238,4.050284587719943e-06,5.430076726042898e-07
6.004199804010568e-07,0.00010776124690892175,6.414901872631162e-05,0.6243118643760681,0.8159153461456299,0.7983978986740112,1.0703010048018768e-05,2.675562313925184e-07,1.0581894684946747e-06,0.006396571174263954,0.003454271936789155,0.5279651880264282,0.511598527431488,0.013601968064904213,0.24858613312244415,0.2389143854379654,0.016860809177160263,0.01201050728559494,0.008816278539597988,0.01808166317641735,0.010060610249638557,0.1104755774140358,0.18610940873622894,2.2296713723335415e-05,0.001170882023870945,0.002996741561219096,2.942109676951077e-05,0.000198582376469858,0.0026119679678231478,0.0022724205628037453,0.006676513236016035,0.007892340421676636,0.00019049506227020174,0.00207847380079329,0.0002764479140751064,0.00023661968589294702,0.07426111400127411,0.051263317465782166,0.008478466421365738,0.0011118513066321611,0.028057927265763283,0.008389552123844624,0.20767702162265778,0.039976269006729126,0.00031236084760166705,0.00020673900144174695,0.0021018122788518667,0.0027253597509115934,0.0005998925771564245,0.0009470571530982852,4.814095973415533e-06,5.538316827369272e-07
5.744145141761692e-07,0.00013104417303111404,8.678453013999388e-05,0.5701026916503906,0.7935086488723755,0.7736915349960327,1.0075747923110612e-05,2.620138843667519e-07,1.0821198657140485e-06,0.0062138088978827,0.0029668069910258055,0.5495069026947021,0.5349214673042297,0.012205551378428936,0.26846158504486084,0.25873327255249023,0.014558520168066025,0.010357272811233997,0.007941949181258678,0.015148509293794632,0.009525914676487446,0.10567265003919601,0.2113608568906784,1.9848315787385218e-05,0.0012623030925169587,0.0027318333741277456,2.545295501477085e-05,0.00016240173135884106,0.0029083513654768467,0.0024844252038747072,0.006556815467774868,0.007384208030998707,0.0001756068813847378,0.0022007569205015898,0.0002578244893811643,0.0002195230481447652,0.07873769104480743,0.05308099836111069,0.008003282360732555,0.0010889123659580946,0.02709338814020157,0.007709474768489599,0.26301056146621704,0.05223572626709938,0.0003698855289258063,0.0002337481564609334,0.0023271890822798014,0.0023232109379023314,0.0007935279281809926,0.0012906024930998683,4.594773599819746e-06,5.317291993378603e-07
5.733144803343748e-07,0.00013915213639847934,8.466350845992565e-05,0.5653467178344727,0.7991737127304077,0.7920579314231873,1.0848905731108971e-05,2.534104339702026e-07,1.047535079123918e-06,0.0045545571483671665,0.0028825420886278152,0.531187891960144,0.5186809301376343,0.011412279680371284,0.2634999752044678,0.2529524564743042,0.016028471291065216,0.011206991970539093,0.008532163687050343,0.01203078217804432,0.009453915990889072,0.12870532274246216,0.21953211724758148,2.3249080186360516e-05,0.0012669191928580403,0.002523432718589902,2.277526982652489e-05,0.00015738779620733112,0.002635639626532793,0.002781623275950551,0.0077513703145086765,0.0081752585247159,0.00017299398314207792,0.002037931466475129,0.00030243690707720816,0.00024376035435125232,0.0807456225156784,0.058986347168684006,0.007243049796670675,0.001099242945201695,0.023940350860357285,0.006460150238126516,0.2253550887107849,0.04753734916448593,0.00045460357796400785,0.00030000682454556227,0.0028674695640802383,0.0024444086011499166,0.0007996114436537027,0.001385043258778751,4.774728949996643e-06,5.618138629870373e-07
5.930610882387555e-07,0.00017911008035298437,9.183560905512422e-05,0.5367351770401001,0.7685216069221497,0.7729048728942871,1.0306406693416648e-05,2.2301412627712125e-07,1.0069610425489373e-06,0.005353624001145363,0.002883809618651867,0.5062472224235535,0.492524653673172,0.011283641681075096,0.2623061537742615,0.2547217011451721,0.015400759875774384,0.012223678641021252,0.009751250967383385,0.013784521259367466,0.010145340114831924,0.11238042265176773,0.2170204371213913,2.2203585103852674e-05,0.001124164555221796,0.0023072471376508474,2.4183404093491845e-05,0.00013573767500929534,0.0035774221178144217,0.0029428896959871054,0.004591694567352533,0.005355277098715305,0.00017242385365534574,0.002182111144065857,0.000277788785751909,0.0002388906286796555,0.09589465707540512,0.06298836320638657,0.00752452714368701,0.0011764029040932655,0.022826706990599632,0.007570664864033461,0.21464574337005615,0.044367846101522446,0.00045164977200329304,0.0002909625764004886,0.002025764202699065,0.0023232032544910908,0.0007510142750106752,0.0011592849623411894,5.059805062046507e-06,5.415518558038457e-07
5.598264465334069e-07,0.00014126647147350013,7.895932503743097e-05,0.5506753325462341,0.7805384397506714,0.7707194089889526,1.0343467693019193e-05,2.468068203143048e-07,9.228372732650314e-07,0.006130676716566086,0.0038668864872306585,0.5225314497947693,0.5079686641693115,0.008837259374558926,0.2996275722980499,0.2888667583465576,0.013586572371423244,0.011522652581334114,0.00909349787980318,0.014491747133433819,0.012136155739426613,0.10084901005029678,0.1775837391614914,2.4271244910778478e-05,0.001258419593796134,0.002585022011771798,2.254370519949589e-05,0.0001825541548896581,0.002593674696981907,0.0032877547200769186,0.006327110808342695,0.006874678656458855,0.00017917978402692825,0.0020426500122994184,0.00028421400929801166,0.0002232447441201657,0.07446609437465668,0.06505433470010757,0.007306831423193216,0.001087011187337339,0.02331923507153988,0.006785692181438208,0.2092534601688385,0.042138878256082535,0.00045292702270671725,0.00031839607981964946,0.002372358925640583,0.002405214821919799,0.0006702193059027195,0.0011647274950519204,4.328432623879053e-06,5.506863658411021e-07
5.666345828103658e-07,0.00011506157170515507,7.372353866230696e-05,0.5917466878890991,0.7965097427368164,0.7716469764709473,9.046911145560443e-06,2.6526657848080504e-07,1.0103008207806852e-06,0.005816302262246609,0.0033278940245509148,0.5362651348114014,0.5206825733184814,0.010267237201333046,0.2892080247402191,0.2793121933937073,0.013157937675714493,0.010963511653244495,0.008421653881669044,0.014047093689441681,0.01038938295096159,0.10781675577163696,0.1948317587375641,1.9657532902783714e-05,0.0012586982920765877,0.0028357382398098707,2.7568145014811307e-05,0.00020052334002684802,0.0022494050208479166,0.0031739240512251854,0.0051642488688230515,0.006086280103772879,0.00020975025836378336,0.0020346385426819324,0.00024706654949113727,0.00019136324408464134,0.05629058927297592,0.06203916296362877,0.010490587912499905,0.0013151416787877679,0.025461776182055473,0.007509944494813681,0.24617046117782593,0.049765244126319885,0.00030749617144465446,0.00024673063308000565,0.0016009706305339932,0.002684463746845722,0.0006315862410701811,0.0011754239676520228,4.379633992357412e-06,5.024444362788927e-07
5.688442001883232e-07,0.00011442891991464421,6.876490806462243e-05,0.5852510929107666,0.8013428449630737,0.7772907018661499,9.635369679017458e-06,2.469261914939125e-07,9.044582043316041e-07,0.006921213120222092,0.003972281701862812,0.5264415740966797,0.508505642414093,0.013009917922317982,0.25647807121276855,0.24863314628601074,0.01485938299447298,0.01187134813517332,0.008968750014901161,0.018129773437976837,0.012193605303764343,0.0969243124127388,0.16930975019931793,2.180963201681152e-05,0.0009737154468894005,0.00268599228002131,3.135598308290355e-05,0.0001891958963824436,0.0024474929086863995,0.0031798151321709156,0.005123505834490061,0.006090463604778051,0.0001967947173397988,0.0021793253254145384,0.0002708020037971437,0.00020445215341169387,0.06968078017234802,0.07318071275949478,0.007514499127864838,0.00108603504486382,0.023832233622670174,0.008258255198597908,0.2048901617527008,0.03981223702430725,0.00038572997436858714,0.00030907796462997794,0.0018115141429007053,0.0029146524611860514,0.0005941613344475627,0.001059426460415125,4.427365183801157e-06,5.119293291500071e-07
5.818504291710269e-07,0.00013264860899653286,7.574012852273881e-05,0.5652105808258057,0.7891104817390442,0.7743288278579712,1.0163492333958857e-05,2.1409886130641098e-07,9.789594059839146e-07,0.005797288846224546,0.002969363471493125,0.5069077014923096,0.4877997040748596,0.011757469736039639,0.2669164538383484,0.2599101960659027,0.014363841153681278,0.012884478084743023,0.009872110560536385,0.015317692421376705,0.009615572169423103,0.10984524339437485,0.2074342519044876,2.2413008991861716e-05,0.001007513958029449,0.002341930055990815,2.5099203412537463e-05,0.00015780676039867103,0.0034925134386867285,0.0038730204105377197,0.004354235716164112,0.005119812674820423,0.00017133823712356389,0.002342318883165717,0.00025552554870955646,0.00020164340094197541,0.09097988903522491,0.08294079452753067,0.005986251402646303,0.0010456807212904096,0.021565310657024384,0.007434250321239233,0.21787656843662262,0.04148712754249573,0.0006128840032033622,0.0004637289675883949,0.0020600450225174427,0.0028246911242604256,0.0007004063227213919,0.001216859556734562,4.462204287847271e-06,5.058224132881151e-07
5.381647270041867e-07,0.00012509871157817543,8.386646368307993e-05,0.572473406791687,0.7769424319267273,0.7321200370788574,9.244577995559666e-06,2.452046885537129e-07,9.623437335903873e-07,0.005749224219471216,0.003123563015833497,0.553415060043335,0.5344899296760559,0.010867034085094929,0.2580209970474243,0.24766097962856293,0.01766044646501541,0.010597758926451206,0.00785092543810606,0.014474737457931042,0.009622925892472267,0.10830149054527283,0.19787505269050598,2.1266405383357778e-05,0.0010127915302291512,0.0029582867864519358,3.6346445995150134e-05,0.00022400826856028289,0.0025029180105775595,0.003721036948263645,0.0031599714420735836,0.0038873706944286823,0.000244324590312317,0.0022986968979239464,0.0002677632146514952,0.00020681138266809285,0.053441207855939865,0.06941915303468704,0.013262600637972355,0.0013440658804029226,0.02701094187796116,0.008187751285731792,0.21562553942203522,0.03901895880699158,0.00025279796682298183,0.00021933161769993603,0.0010690671624615788,0.0023816153407096863,0.0004825375508517027,0.000875128258485347,4.04769753004075e-06,4.813958298655052e-07
5.241483336249075e-07,0.00016392440011259168,0.00010788792133098468,0.5010688304901123,0.7557716369628906,0.7152249813079834,7.86043983680429e-06,2.1164872521239886e-07,8.966300697466068e-07,0.00755715137347579,0.002898991107940674,0.5128521919250488,0.49816858768463135,0.010442671366035938,0.27808207273483276,0.27604156732559204,0.013157379813492298,0.01161729171872139,0.00998450443148613,0.01632137969136238,0.010916738770902157,0.08237364143133163,0.21280904114246368,2.3277520085684955e-05,0.0007670986815355718,0.002078854711726308,3.6163139156997204e-05,0.00017335577285848558,0.003812570357695222,0.004772685468196869,0.0016475494485348463,0.0021642097271978855,0.00029064371483400464,0.0018176967278122902,0.0002497292298357934,0.00020893070905003697,0.0745960921049118,0.08117519319057465,0.01203227136284113,0.00188863230869174,0.016324618831276894,0.005595318507403135,0.17398019134998322,0.038787178695201874,0.0004485707904677838,0.0004083069507032633,0.0008754481095820665,0.002384146675467491,0.00065124366665259,0.0011076744413003325,4.6539298637071624e-06,4.3792564952127577e-07
6.056868642190238e-07,0.00016908880206756294,0.00012086036440450698,0.5077143907546997,0.7462376356124878,0.7053509950637817,8.212440661736764e-06,2.3865533194111777e-07,1.0773522944873548e-06,0.006882026791572571,0.002902546664699912,0.5014736652374268,0.48405149579048157,0.008373690769076347,0.31639769673347473,0.31045329570770264,0.010947324335575104,0.01219887938350439,0.010441577062010765,0.014953131787478924,0.010678594931960106,0.0895392969250679,0.21517345309257507,2.221712020400446e-05,0.0008140187710523605,0.002236217027530074,3.4613160096341744e-05,0.0001596159563632682,0.003729811869561672,0.0034591290168464184,0.002848973497748375,0.003860084107145667,0.00024458891130052507,0.0021278243511915207,0.00024862971622496843,0.00022985356918070465,0.0723111480474472,0.07037848234176636,0.011067117564380169,0.0013521461514756083,0.020484892651438713,0.005809875670820475,0.2171480357646942,0.04643638804554939,0.000388828048016876,0.00032130355248227715,0.001027287682518363,0.0031863434705883265,0.0007180107058957219,0.001143885776400566,4.759098828799324e-06,4.947680167788349e-07
5.036178549744363e-07,0.00016274482186418027,0.00011048984015360475,0.5274636745452881,0.7373580932617188,0.7014033794403076,8.010482815734576e-06,2.0701443759207905e-07,8.422000519203721e-07,0.007372896187007427,0.003617317648604512,0.5064120888710022,0.489205539226532,0.00850461795926094,0.2916114032268524,0.28547054529190063,0.014472419396042824,0.0121109364554286,0.010206025093793869,0.015199822373688221,0.012983073480427265,0.08564817160367966,0.18373613059520721,1.9799635992967524e-05,0.0009853814262896776,0.002741040661931038,3.770337571040727e-05,0.00021245097741484642,0.003565316554158926,0.0046310871839523315,0.0012988713569939137,0.0016850702231749892,0.00029523205012083054,0.002517519984394312,0.00023941278050187975,0.00019462636555545032,0.054795678704977036,0.06452188640832901,0.018434710800647736,0.0015370702603831887,0.02441788651049137,0.008281911723315716,0.1921338587999344,0.03690454363822937,0.00022234318021219224,0.00018879026174545288,0.0006412073853425682,0.001537789823487401,0.00046487990766763687,0.0008225078345276415,3.748489234567387e-06,3.924975260360952e-07
5.907405125071818e-07,0.00020618840062525123,0.00013379787560552359,0.47196516394615173,0.7234205007553101,0.6924319863319397,8.187603270926047e-06,2.1395415217284608e-07,9.010549320009886e-07,0.009293456561863422,0.003630896331742406,0.4873812794685364,0.47204098105430603,0.007872199639678001,0.3031167984008789,0.29736071825027466,0.013419225811958313,0.012687848880887032,0.011643240228295326,0.01883401907980442,0.014189724810421467,0.06792709976434708,0.183955118060112,2.19613648368977e-05,0.0007746096816845238,0.0022121460642665625,3.2475280022481456e-05,0.00016846890503074974,0.004155382048338652,0.004315442871302366,0.0020059377420693636,0.0027024198789149523,0.00023192378284875304,0.0023084240965545177,0.00022709295444656163,0.00019604596309363842,0.07681258022785187,0.07904224842786789,0.009850706905126572,0.0012673288583755493,0.01961497589945793,0.006328442133963108,0.2064378708600998,0.04078202322125435,0.0004263019363861531,0.00036009674658998847,0.0009396331734023988,0.00259456317871809,0.0006487487116828561,0.0010719237616285682,3.974173068854725e-06,4.909869630864705e-07
4.6073441239968815e-07,0.00016422351473011076,0.0001227195025421679,0.5146956443786621,0.7477513551712036,0.6886701583862305,7.421450391120743e-06,2.0576594295107498e-07,7.862425377425097e-07,0.00726997759193182,0.0036638237070292234,0.5146350860595703,0.49639663100242615,0.008115269243717194,0.30378007888793945,0.2984391152858734,0.012677137739956379,0.011568603105843067,0.009502256289124489,0.014972163364291191,0.012919926084578037,0.08616659045219421,0.17690156400203705,2.144220889022108e-05,0.0008027339354157448,0.002477798843756318,4.535629341262393e-05,0.00019348363275639713,0.003076908178627491,0.005649814382195473,0.0011658541625365615,0.0015079863369464874,0.0003375307423993945,0.0018756318604573607,0.00029031719896011055,0.000227469572564587,0.04728751257061958,0.07316552847623825,0.022531475871801376,0.0022199375089257956,0.02135094627737999,0.006818676367402077,0.1706513613462448,0.035227220505476,0.00019452413835097104,0.00019767954654525965,0.0005009479355067015,0.0016315707471221685,0.0004579358210321516,0.0009051705128513277,4.231307684676722e-06,3.7867371815991646e-07
5.56285726815986e-07,0.00021018389088567346,0.00016303850861731917,0.48454520106315613,0.7050766944885254,0.647892951965332,7.253178409882821e-06,2.1204957079135056e-07,8.965607776190154e-07,0.006226571276783943,0.0028774654492735863,0.4590533375740051,0.44093647599220276,0.007267376873642206,0.3063017427921295,0.29937005043029785,0.013564273715019226,0.014618582092225552,0.01315519493073225,0.013652686960995197,0.013315873220562935,0.09241453558206558,0.21569782495498657,1.8031416402664036e-05,0.0009293202892877162,0.002801126567646861,3.592832581489347e-05,0.00021727534476667643,0.00324144191108644,0.004071496892720461,0.001723328372463584,0.0022893589921295643,0.000272441771812737,0.0026921776589006186,0.00022126969997771084,0.00018400111002847552,0.049432482570409775,0.06465331465005875,0.017694560810923576,0.0013105465332046151,0.025153663009405136,0.007411897648125887,0.21745413541793823,0.04182221740484238,0.0002018382801907137,0.0001791811519069597,0.0006627461407333612,0.002008170587942004,0.000474622385809198,0.0008455209317617118,3.3672822610242292e-06,4.182208215297578e-07
5.29116505276761e-07,0.00045353511814028025,0.0003750250907614827,0.3175446093082428,0.6575392484664917,0.5767254829406738,7.869965884310659e-06,1.6710254158169846e-07,7.632830829606974e-07,0.006277468521147966,0.0026755048893392086,0.47530028223991394,0.45713984966278076,0.009330102242529392,0.2644205689430237,0.25707918405532837,0.01656593568623066,0.013244057074189186,0.012021359987556934,0.014874901622533798,0.010670940391719341,0.0916360467672348,0.20439215004444122,1.7418602510588244e-05,0.0010009811958298087,0.002798850182443857,3.3253880246775225e-05,0.00018657359760254622,0.0024082413874566555,0.0047145732678473,0.00202921312302351,0.002320944331586361,0.00023345726367551833,0.002580380067229271,0.00024691721773706377,0.00017437183123547584,0.05535713955760002,0.08159036934375763,0.01244743075221777,0.0011975957313552499,0.026420900598168373,0.00932367891073227,0.18878556787967682,0.03727870061993599,0.000217722452362068,0.00019777874695137143,0.000880454434081912,0.0015222070505842566,0.00033799876109696925,0.0006621393840759993,3.2603009003651096e-06,4.6416869281529216e-07
8.641931685815507e-07,0.002334508579224348,0.001992618665099144,0.09244741499423981,0.4896148443222046,0.3881358802318573,6.054875029803952e-06,1.281110826312215e-07,8.328391345457931e-07,0.005605917889624834,0.0024564340710639954,0.36729082465171814,0.3531334400177002,0.005592340137809515,0.3204847276210785,0.31184083223342896,0.01276314165443182,0.01921728253364563,0.018194986507296562,0.015544554218649864,0.012301197275519371,0.09403662383556366,0.2060723900794983,1.1753530998248607e-05,0.0007508661947213113,0.002202714094892144,2.858969492081087e-05,0.00016815177514217794,0.0034386725164949894,0.0030499452259391546,0.0014969833428040147,0.0022135514300316572,0.00023327014059759676,0.0028083643410354853,0.00014155505050439388,0.00011978826660197228,0.053448207676410675,0.06166111305356026,0.016496697440743446,0.0010723364539444447,0.021580353379249573,0.00551794096827507,0.2833097577095032,0.06336512416601181,0.00021967840439174324,0.0002044915163423866,0.000562693050596863,0.002619766164571047,0.0005831661401316524,0.0010034843580797315,2.995649538206635e-06,5.457326892610581e-07
8.80952200077445e-07,0.008134440518915653,0.005357995629310608,0.02261398732662201,0.3323827385902405,0.28050994873046875,6.287108135438757e-06,9.790306165768925e-08,7.08168897745054e-07,0.0055894264951348305,0.0020439079962670803,0.3656848669052124,0.3598545789718628,0.006304451730102301,0.2734202742576599,0.2722667455673218,0.01704232208430767,0.017988063395023346,0.017212189733982086,0.01669532246887684,0.009714341722428799,0.09510639309883118,0.2060733288526535,9.312527254223824e-06,0.0009580458281561732,0.002166661899536848,2.516458698664792e-05,0.0001731372030917555,0.0032185856252908707,0.004432763438671827,0.0008273223647847772,0.001050925231538713,0.0002510675694793463,0.0023460625670850277,0.00011667821672745049,8.503926801495254e-05,0.06508316099643707,0.06380637735128403,0.017833007499575615,0.0017335097072646022,0.019863532856106758,0.005689863581210375,0.32773828506469727,0.07792574167251587,0.0002766309189610183,0.00023932720068842173,0.0006086076027713716,0.0011136598186567426,0.0005853103357367218,0.0010619577951729298,2.3616330508957617e-06,4.707522407443321e-07
1.089129114006937e-06,0.020742619410157204,0.015452863648533821,0.007562257815152407,0.23555880784988403,0.17220304906368256,6.556474545504898e-06,7.746410091158396e-08,6.688854909953079e-07,0.005053798668086529,0.00191767408978194,0.27778398990631104,0.2617587149143219,0.005379567854106426,0.29019662737846375,0.27770891785621643,0.016235627233982086,0.02664315514266491,0.02623409777879715,0.020221078768372536,0.010972417891025543,0.10358550399541855,0.2002926915884018,1.0966909940179903e-05,0.0008722649654373527,0.0015961402095854282,1.687104486336466e-05,0.00012784813588950783,0.0031780952122062445,0.003738484578207135,0.001583841280080378,0.0019329545320942998,0.00018673801969271153,0.0030816204380244017,0.0001019453993649222,7.162949623307213e-05,0.08385781198740005,0.07381182909011841,0.008488340303301811,0.0009083936456590891,0.01218373142182827,0.003960041329264641,0.2914641797542572,0.08440199494361877,0.0006662218947894871,0.0005635099369101226,0.0014055910287424922,0.0017071366310119629,0.0007712070364505053,0.0014043052215129137,2.281248271174263e-06,5.596593268819561e-07
1.1773878441090346e-06,0.03984550014138222,0.030249901115894318,0.0039291903376579285,0.1439560204744339,0.11957947164773941,6.6133075051766355e-06,7.489541076211026e-08,6.392241971298063e-07,0.006482843309640884,0.002546927658841014,0.243880495429039,0.22284798324108124,0.0038674853276461363,0.33252689242362976,0.30983400344848633,0.01475019846111536,0.03214095160365105,0.03313985466957092,0.02469092234969139,0.016711575910449028,0.08775506168603897,0.16599854826927185,9.472392775933258e-06,0.001025281846523285,0.002154899062588811,1.8071008526021615e-05,0.00016820822202134877,0.0032186084426939487,0.004647681023925543,0.0011688641970977187,0.001495957258157432,0.00016787159256637096,0.003073986154049635,9.529745148029178e-05,6.743978156009689e-05,0.0626489594578743,0.06903357058763504,0.011101840995252132,0.0008779416675679386,0.01970265433192253,0.005956662353128195,0.33429259061813354,0.07415439188480377,0.00035527010913938284,0.0003155382873956114,0.0008871051832102239,0.0014510806649923325,0.0005241545150056481,0.0009971653344109654,1.5559279518129188e-06,5.462935632749577e-07
1.2814753063139506e-06,0.06710194051265717,0.05739807337522507,0.0027564894407987595,0.08331277221441269,0.07034973800182343,5.903479177504778e-06,6.70709212613474e-08,5.231057116361626e-07,0.010450894013047218,0.003958914428949356,0.21536795794963837,0.19758062064647675,0.004220899660140276,0.31332576274871826,0.29972347617149353,0.016125129535794258,0.03602533042430878,0.03802092745900154,0.034260232001543045,0.021755661815404892,0.059505436569452286,0.11479927599430084,8.412516763200983e-06,0.001102288137190044,0.00197208602912724,1.998080188059248e-05,0.00018818009993992746,0.004081421997398138,0.004620537627488375,0.0004517089400906116,0.0005892037297599018,0.00022755312966182828,0.0032167350873351097,6.485848280135542e-05,4.8652145778760314e-05,0.07607448101043701,0.05823276564478874,0.016829606145620346,0.0012802400160580873,0.016015538945794106,0.005678395740687847,0.33211174607276917,0.07555820792913437,0.00040556449675932527,0.00031287435558624566,0.0006560973706655204,0.0008817535708658397,0.0004607674782164395,0.0007538426434621215,1.524444542155834e-06,4.6049763113842346e-07
1.465466880290478e-06,0.11877478659152985,0.09520069509744644,0.0013893558643758297,0.05516538769006729,0.049062516540288925,6.297885647654766e-06,6.919562878238139e-08,6.182765446283156e-07,0.009898774325847626,0.003455601865425706,0.22746805846691132,0.2053283303976059,0.004031216260045767,0.3103709816932678,0.29967302083969116,0.016264982521533966,0.03338805213570595,0.035315509885549545,0.03263785317540169,0.020672112703323364,0.06265415996313095,0.12256529182195663,9.499186489847489e-06,0.0011550587369129062,0.002138984389603138,1.7583348380867392e-05,0.00019451355910860002,0.0034947446547448635,0.004238006193190813,0.0008085030131042004,0.0011003786930814385,0.00019933267321903259,0.0031086020171642303,7.535715121775866e-05,5.694249557564035e-05,0.07363924384117126,0.06906609237194061,0.013218523934483528,0.001021833042614162,0.018497681245207787,0.006054218392819166,0.31669721007347107,0.07006769627332687,0.0004188769089523703,0.00035388345713727176,0.0007958395290188491,0.0014583492884412408,0.00042730142013169825,0.0007436362793669105,1.4019742593518458e-06,5.679551691173401e-07
1.7700380112728453e-06,0.15253210067749023,0.13927112519741058,0.0011192886158823967,0.04260201379656792,0.03357792645692825,6.106327873567352e-06,7.281660430180636e-08,7.322432225009834e-07,0.01269666850566864,0.0038648212794214487,0.24409495294094086,0.2152419239282608,0.004520708229392767,0.29000815749168396,0.28521302342414856,0.017763342708349228,0.030891302973031998,0.03320023790001869,0.03664926066994667,0.02172907255589962,0.05299205332994461,0.11307284981012344,9.040123586601112e-06,0.000912286399397999,0.0021054837852716446,1.8912267478299327e-05,0.00018000637646764517,0.004290572367608547,0.003146759932860732,0.0010807494400069118,0.0017360043711960316,0.00017144088633358479,0.004334979224950075,6.53030292596668e-05,5.144672832102515e-05,0.07413724809885025,0.06927333027124405,0.010261238552629948,0.000616328907199204,0.019505469128489494,0.006247722078114748,0.37700676918029785,0.08149702847003937,0.0004762239404954016,0.00040964363142848015,0.0008285689400509,0.0028126314282417297,0.0005751823191531003,0.0008671109098941088,1.3592225514003076e-06,6.624578645642032e-07
1.6786008245617268e-06,0.15440595149993896,0.13581909239292145,0.0009562246850691736,0.04140939563512802,0.03497203439474106,6.231754014152102e-06,7.757069653280269e-08,7.32006526504847e-07,0.011997557245194912,0.003652068553492427,0.2396811544895172,0.21182428300380707,0.0042302533984184265,0.27851662039756775,0.29980289936065674,0.018894013017416,0.03163916990160942,0.03370307758450508,0.03715387359261513,0.022060906514525414,0.054709430783987045,0.1206260547041893,9.495074664300773e-06,0.0009471767698414624,0.002204687101766467,1.9914659787900746e-05,0.00017998955445364118,0.003940563648939133,0.0034338762052357197,0.001108219032175839,0.0017532578203827143,0.00017217166896443814,0.0035512468311935663,7.475721213268116e-05,5.7540921261534095e-05,0.07142094522714615,0.07086382806301117,0.010921544395387173,0.0007459860644303262,0.02119460329413414,0.006703333463519812,0.3619484007358551,0.07516695559024811,0.0003988525131717324,0.0003489208174869418,0.0007598773227073252,0.002608644776046276,0.0004949157009832561,0.0007642559357918799,1.3328374279808486e-06,6.8007551590199e-07
