"{'gestureId': '4', 'fps': 28.663192340322386}"
1.5742342611702043e-06,0.05547581613063812,0.09747283905744553,0.0034696117509156466,0.06189868599176407,0.023156799376010895,4.953225925419247e-06,1.1640909747256956e-07,2.0252736021575402e-07,0.047893185168504715,0.07281245291233063,0.307115763425827,0.30011922121047974,0.11789613217115402,0.01432486530393362,0.050176650285720825,0.23627035319805145,0.02939273603260517,0.02307548001408577,0.12681587040424347,0.12979748845100403,0.02258232794702053,0.011040862649679184,3.92612400901271e-06,0.0017399622593075037,0.0010822914773598313,3.927157194993924e-06,0.00017069088062271476,0.007056283764541149,0.0017096659867092967,0.004916346166282892,0.006825713440775871,8.460546814603731e-05,0.0018511491362005472,1.4471977010543924e-05,9.473431418882683e-06,0.13723760843276978,0.0509692020714283,0.003464672714471817,0.000770420883782208,0.009051106870174408,0.0020709135569632053,0.8378245830535889,0.198395237326622,0.003443361958488822,0.0013357877032831311,0.00653525535017252,0.002597150858491659,0.003450400196015835,0.003065581899136305,8.694814255250094e-07,8.158820605785877e-07
1.4468459994532168e-06,0.056207895278930664,0.10254409164190292,0.003723696805536747,0.059147514402866364,0.021297134459018707,4.71096291221329e-06,9.968123748649305e-08,1.794662551901638e-07,0.04450545832514763,0.07367896288633347,0.3123731017112732,0.30252742767333984,0.13580207526683807,0.014371437951922417,0.04237694665789604,0.22859184443950653,0.029076429083943367,0.022781331092119217,0.11470666527748108,0.11967957764863968,0.024137422442436218,0.010754331015050411,3.6628848647524137e-06,0.0017697494477033615,0.0010558752110227942,4.054292276123306e-06,0.0001644894655328244,0.0074654752388596535,0.002039470011368394,0.0033423523418605328,0.004588983952999115,9.744918497744948e-05,0.0023443622048944235,1.4425238077819813e-05,9.225591384165455e-06,0.12813735008239746,0.05394739657640457,0.004504057578742504,0.000687501160427928,0.00866780336946249,0.0019050611881539226,0.8376806974411011,0.20567545294761658,0.0033225195948034525,0.0013470755657181144,0.005267783999443054,0.0020639447029680014,0.0033186424989253283,0.003089322242885828,8.460375511276652e-07,6.58010662846209e-07
1.5149718137763557e-06,0.05609031766653061,0.0961151048541069,0.0037867254577577114,0.060012008994817734,0.02356724441051483,4.82186123917927e-06,1.0784383164264e-07,2.036532293914206e-07,0.045737359672784805,0.0740443766117096,0.27399396896362305,0.27270597219467163,0.11607439070940018,0.012183942832052708,0.053062554448843,0.26523178815841675,0.03287035971879959,0.025945279747247696,0.11559641361236572,0.12057716399431229,0.023719705641269684,0.01084446907043457,3.963802100770408e-06,0.0017668246291577816,0.000964071718044579,3.968579221691471e-06,0.0001493693853262812,0.009896849282085896,0.0017841875087469816,0.0028319372795522213,0.004214899614453316,0.00010111838491866365,0.0023063768167048693,1.4114055375102907e-05,1.0066086360893678e-05,0.13932891190052032,0.04777504876255989,0.004969483241438866,0.0007393989362753928,0.008098511956632137,0.001702212612144649,0.8362671732902527,0.2001507729291916,0.0034855171106755733,0.0013243505964055657,0.004543186631053686,0.0022680656984448433,0.0037321087438613176,0.0030555417761206627,9.637121820560424e-07,7.299883577616129e-07
1.6040099808378727e-06,0.05597173795104027,0.10274412482976913,0.00333364843390882,0.06021621823310852,0.021656112745404243,4.448085746844299e-06,9.72186526837504e-08,1.779211373786893e-07,0.04812287911772728,0.09031199663877487,0.2520419955253601,0.2621442377567291,0.1094243973493576,0.014489859342575073,0.054352857172489166,0.24440371990203857,0.03717268258333206,0.027921535074710846,0.12556903064250946,0.12063079327344894,0.022351277992129326,0.00900006853044033,2.7996202334179543e-06,0.0018671429716050625,0.001233409740962088,5.058280294178985e-06,0.0002154833491658792,0.008889124728739262,0.0021004443988204002,0.0017479488160461187,0.0026572453789412975,0.00011193505633855239,0.002721476834267378,1.1178965905855875e-05,6.9956272454874124e-06,0.10675084590911865,0.047938790172338486,0.0070664407685399055,0.0007794129196554422,0.00929507240653038,0.002108521293848753,0.8819410800933838,0.23138976097106934,0.0024207744281738997,0.001023057964630425,0.002876420272514224,0.0018251072615385056,0.0034035651478916407,0.003048498649150133,8.029709874790569e-07,5.829557494507753e-07
1.2560232107716729e-06,0.05506262555718422,0.11131400614976883,0.004236573353409767,0.059213221073150635,0.020838158205151558,4.088320110895438e-06,9.533372491432601e-08,1.9337923617968045e-07,0.04748707264661789,0.06810533255338669,0.3346371054649353,0.31480807065963745,0.14924544095993042,0.012222769670188427,0.040501900017261505,0.2544013261795044,0.026263611391186714,0.021018998697400093,0.10611095279455185,0.1031554788351059,0.022867871448397636,0.01173049584031105,3.166260285070166e-06,0.0020877139177173376,0.0010947592090815306,4.1576427065592725e-06,0.00016635892097838223,0.007410201244056225,0.002095387317240238,0.0022337674163281918,0.0032151960767805576,0.00010457709868205711,0.0023652194067835808,1.373714258079417e-05,9.025453437061515e-06,0.09721926599740982,0.04418392851948738,0.007443029899150133,0.0008525025332346559,0.0090743163600564,0.0017664015758782625,0.852517306804657,0.20508629083633423,0.0020101501140743494,0.0008727413369342685,0.0032539372332394123,0.0017661981983110309,0.00301368092186749,0.0029011310543864965,8.726398164071725e-07,5.668275093739794e-07
1.615767132534529e-06,0.0784134790301323,0.13622725009918213,0.0027299581561237574,0.046011146157979965,0.016803599894046783,4.581878783938009e-06,9.882008811246124e-08,1.8515571298394207e-07,0.04799763485789299,0.07896556705236435,0.35383984446525574,0.3379155099391937,0.11591336876153946,0.015165259130299091,0.05013594031333923,0.23052074015140533,0.025287223979830742,0.01815338432788849,0.1184004619717598,0.11148860305547714,0.02350492961704731,0.009908528067171574,3.067086481678416e-06,0.0017147052567452192,0.001315296976827085,5.284384769765893e-06,0.0002095395902870223,0.0061408160254359245,0.0021823926363140345,0.0028986039105802774,0.0042793420143425465,8.793151937425137e-05,0.0020847341511398554,1.271347082365537e-05,7.189621101133525e-06,0.10977067053318024,0.05992087349295616,0.004452080931514502,0.000851531105581671,0.010020068846642971,0.002528170822188258,0.8716886639595032,0.21956992149353027,0.0025141446385532618,0.001187474001199007,0.00380859337747097,0.0023859913926571608,0.002852541161701083,0.002972209360450506,7.412344302792917e-07,6.836885404482018e-07
1.4986277392381453e-06,0.03491419926285744,0.07985430210828781,0.006340759806334972,0.08416538685560226,0.023208029568195343,4.596684448188171e-06,1.0359575952634259e-07,1.873575712352249e-07,0.052493318915367126,0.09069078415632248,0.23867250978946686,0.24508582055568695,0.10039777308702469,0.015418579801917076,0.059835124760866165,0.2384617179632187,0.0406225211918354,0.031454939395189285,0.13679485023021698,0.12896858155727386,0.020638123154640198,0.009152058511972427,3.4101176424883306e-06,0.002294577658176422,0.001104000024497509,3.6756644021807006e-06,0.0001927447010530159,0.009012870490550995,0.002110297093167901,0.0023521161638200283,0.0033740652725100517,0.00010378145816503093,0.0024892159271985292,1.1969036677328404e-05,7.623230430908734e-06,0.12060569226741791,0.04958469048142433,0.004987241234630346,0.0007377192960120738,0.00817292369902134,0.0020704898051917553,0.8482735753059387,0.20786014199256897,0.0033450808841735125,0.0013580162776634097,0.004073397722095251,0.0019526202231645584,0.003250300418585539,0.003007518360391259,9.271853400605323e-07,6.841823392278457e-07
1.5333869214373408e-06,0.052967265248298645,0.08572898805141449,0.003887178609147668,0.06643450260162354,0.02642236277461052,4.634955530491425e-06,1.0257686966497204e-07,2.0003406575597182e-07,0.042639899998903275,0.0803573727607727,0.24660544097423553,0.2538090646266937,0.1005086749792099,0.014144200831651688,0.05978279560804367,0.2487901896238327,0.037010274827480316,0.02889907732605934,0.11145463585853577,0.11710792779922485,0.02455645240843296,0.010249245911836624,3.5536215818865458e-06,0.0019070894923061132,0.0010288978228345513,4.038636234326987e-06,0.0001609435712452978,0.008187887258827686,0.0017197857378050685,0.003031505271792412,0.004480270203202963,9.748915181262419e-05,0.0021491351071745157,1.2971948308404535e-05,8.67324251885293e-06,0.12456575036048889,0.046049974858760834,0.0047693983651697636,0.0007872930145822465,0.008338253945112228,0.002007434144616127,0.8464398980140686,0.20276935398578644,0.002977491822093725,0.001165419933386147,0.004305042326450348,0.002220041351392865,0.003288279753178358,0.0028251749463379383,9.52242942275916e-07,7.159578672144562e-07
1.460792532270716e-06,0.05961070954799652,0.1163395568728447,0.003513253992423415,0.05584973841905594,0.019448010250926018,4.393405106384307e-06,9.15917084398643e-08,1.7883631642234832e-07,0.044136930257081985,0.07330179214477539,0.3131643533706665,0.3036353886127472,0.12296408414840698,0.01742720790207386,0.045243773609399796,0.20355497300624847,0.029370924457907677,0.022795384749770164,0.11750895529985428,0.1212497130036354,0.024315357208251953,0.010648216120898724,3.21556331073225e-06,0.0019263733411207795,0.0012211325811222196,4.2496103560552e-06,0.00019993548630736768,0.006580065004527569,0.002067042514681816,0.002685204381123185,0.0037211235612630844,0.00010185377323068678,0.0025717855896800756,1.3304765161592513e-05,8.302971764351241e-06,0.1072976365685463,0.050740402191877365,0.0057395757175982,0.0006998989265412092,0.00946802832186222,0.0021945240441709757,0.8446502685546875,0.20245137810707092,0.0023162488359957933,0.0010153783950954676,0.004023479297757149,0.0018960481975227594,0.002898756880313158,0.0030308335553854704,7.761153142382682e-07,5.879673494746385e-07
1.4765395235372125e-06,0.04569502919912338,0.08907925337553024,0.005894646979868412,0.0679326131939888,0.023095551878213882,4.557204647426261e-06,9.361614417002784e-08,1.5807226816377806e-07,0.05899408832192421,0.10281945765018463,0.30311480164527893,0.3017526865005493,0.11655521392822266,0.01627918891608715,0.04898376390337944,0.21832166612148285,0.031384531408548355,0.022225506603717804,0.13791732490062714,0.124507836997509,0.01882806606590748,0.0076992022804915905,3.198741296728258e-06,0.0018392306519672275,0.0010177240474149585,3.7857726056245156e-06,0.00016233703354373574,0.007234760094434023,0.002315143821761012,0.002761304145678878,0.00373627757653594,9.176635649055243e-05,0.0019236882217228413,1.2388637514959555e-05,7.265445674420334e-06,0.12713658809661865,0.057266052812337875,0.004120392259210348,0.0009775198996067047,0.007297170348465443,0.0020379964262247086,0.8555922508239746,0.22846834361553192,0.003700084751471877,0.0015752436593174934,0.004849047865718603,0.0019500787602737546,0.003972264472395182,0.004046259447932243,9.370078259962611e-07,6.528421181428712e-07
1.6810871557026985e-06,0.05574958026409149,0.09866218268871307,0.0041019609197974205,0.06159565970301628,0.0223972350358963,4.639412964024814e-06,1.1197890614766948e-07,1.9273925033758132e-07,0.04831596463918686,0.0897202119231224,0.26654741168022156,0.27529481053352356,0.1000341847538948,0.014373760670423508,0.06011287495493889,0.24881397187709808,0.03393037989735603,0.025636455044150352,0.12127065658569336,0.11806312948465347,0.021945469081401825,0.009373404085636139,2.638390924403211e-06,0.0021682255901396275,0.0014540248084813356,4.794943833985599e-06,0.00023729565145913512,0.006246211938560009,0.001990057062357664,0.0027518586721271276,0.0038254030514508486,9.367092570755631e-05,0.0021257661283016205,1.1223072760913055e-05,6.460912118200213e-06,0.10910104215145111,0.05007898434996605,0.0049591269344091415,0.000929537694901228,0.01082067470997572,0.003011156339198351,0.8896719217300415,0.25002917647361755,0.0022783265449106693,0.0009551707189530134,0.004070429131388664,0.0018040694994851947,0.002975909970700741,0.003032385604456067,7.516201208090934e-07,6.940929324628087e-07
1.480962055211421e-06,0.05443888157606125,0.08750458806753159,0.00587964104488492,0.06060897186398506,0.0239577554166317,4.299989996070508e-06,1.1046362402566956e-07,1.903553936699609e-07,0.04281763732433319,0.07368187606334686,0.27878591418266296,0.2750946581363678,0.133453369140625,0.013664931058883667,0.0444626547396183,0.239556223154068,0.03276748210191727,0.02665204368531704,0.10660909116268158,0.11632368713617325,0.023899035528302193,0.011236145161092281,3.4600320759636816e-06,0.0018535885028541088,0.0009914794936776161,3.9338933675026055e-06,0.00015597612946294248,0.0077109127305448055,0.0017027963185682893,0.0033139309380203485,0.004757114220410585,0.0001028189726639539,0.002063712803646922,1.3579937331087422e-05,9.148273420578334e-06,0.11720825731754303,0.043294068425893784,0.0056156013160943985,0.0008639735751785338,0.008190963417291641,0.001630950951948762,0.8526827692985535,0.22680158913135529,0.0029816506430506706,0.001169438473880291,0.004606875590980053,0.0021651654969900846,0.003808065550401807,0.003183541353791952,9.561595106788445e-07,6.842397510808951e-07
1.6026444882299984e-06,0.02458665519952774,0.07980765402317047,0.011315898969769478,0.09371525794267654,0.022003913298249245,5.282661277306033e-06,1.255876753702978e-07,1.8844887961222412e-07,0.05266813933849335,0.12176865339279175,0.19298097491264343,0.21484757959842682,0.09621873497962952,0.014336531050503254,0.06566973030567169,0.2576390206813812,0.05224621295928955,0.0399835966527462,0.1316758692264557,0.17976953089237213,0.020160306245088577,0.0074610039591789246,3.034556129932753e-06,0.003003409132361412,0.0015824182191863656,3.038856675630086e-06,0.0003400637651793659,0.009245767258107662,0.0017475029453635216,0.0028117867186665535,0.0037027120124548674,9.127579687628895e-05,0.0027971873059868813,1.1496736078697722e-05,8.19909018900944e-06,0.13604676723480225,0.04057491570711136,0.005695291329175234,0.0006240950897336006,0.014031457714736462,0.002896820893511176,0.8769801259040833,0.18503370881080627,0.002509558806195855,0.000790396414231509,0.005172258242964745,0.0015220273053273559,0.003036616602912545,0.00242025637999177,7.243427830871951e-07,6.910282763783471e-07
1.2107348084100522e-06,0.006045461632311344,0.05247494578361511,0.03016899712383747,0.18441326916217804,0.024766001850366592,5.021406195737654e-06,1.269146281401845e-07,1.9384084737339435e-07,0.05037315562367439,0.1476747691631317,0.23827914893627167,0.267044335603714,0.1443634182214737,0.015693658962845802,0.04166246950626373,0.22178475558757782,0.04313236102461815,0.032508328557014465,0.11964024603366852,0.21233707666397095,0.020133236423134804,0.006392705254256725,3.0774497190577677e-06,0.0031817653216421604,0.0019437142182141542,3.159425205012667e-06,0.0004059097555000335,0.009389033541083336,0.0019504191586747766,0.002649684203788638,0.0036105732433497906,9.192330617224798e-05,0.0022027003578841686,1.6161668099812232e-05,1.1096130037913099e-05,0.12062403559684753,0.04418737068772316,0.005841772072017193,0.0008128161425702274,0.019835488870739937,0.003288250183686614,0.8542286157608032,0.15377452969551086,0.0017151599749922752,0.0005936883972026408,0.003864722093567252,0.0014907980803400278,0.0024280620273202658,0.0020152779761701822,7.461295012944902e-07,5.789721626570099e-07
9.71736653809785e-07,0.001820062636397779,0.013438815250992775,0.07835112512111664,0.36381837725639343,0.08572987467050552,4.747059847431956e-06,1.4483465804460138e-07,2.949091708615015e-07,0.026174917817115784,0.044754013419151306,0.41945844888687134,0.38866183161735535,0.1717587262392044,0.017543762922286987,0.03293873742222786,0.18960382044315338,0.01983666978776455,0.015718385577201843,0.05815749987959862,0.060398127883672714,0.03747627139091492,0.018600944429636,4.398641522129765e-06,0.0013566737761721015,0.0009473067475482821,4.703646027337527e-06,0.000130940112285316,0.0072755091823637486,0.001503823441453278,0.006025014910846949,0.009100469760596752,9.823533036978915e-05,0.0016576736234128475,2.123549893440213e-05,1.5191506463452242e-05,0.11968173831701279,0.05654105171561241,0.003908954560756683,0.0010967885609716177,0.00872961524873972,0.0014090134063735604,0.8102791905403137,0.21747452020645142,0.0032098484225571156,0.0014832980232313275,0.0053175063803792,0.003553359769284725,0.0051178960129618645,0.0044097090139985085,1.7166174757221597e-06,6.526435072373715e-07
5.254776738183864e-07,0.0002185385674238205,0.001180564402602613,0.27186429500579834,0.6715356707572937,0.3168991804122925,6.104284238972468e-06,1.9080358981682366e-07,4.939024620398413e-07,0.009746753610670567,0.008143890649080276,0.48721373081207275,0.44911351799964905,0.15048818290233612,0.024351583793759346,0.035772595554590225,0.15066587924957275,0.015138049609959126,0.014457102864980698,0.019848715513944626,0.022951506078243256,0.08586005866527557,0.0875268504023552,8.795764188107569e-06,0.0014495475916191936,0.0010553402826189995,6.359059170790715e-06,0.0001095961342798546,0.007141909562051296,0.0013312814990058541,0.008981718681752682,0.01174143049865961,0.00012610475823748857,0.0017181482398882508,5.559183773584664e-05,4.747353523271158e-05,0.11067339032888412,0.04245664179325104,0.0059816003777086735,0.001140114851295948,0.011827869340777397,0.0017413052264600992,0.6314820051193237,0.12466809898614883,0.001592631102539599,0.0006068302318453789,0.006629374343901873,0.00247073732316494,0.0035534948110580444,0.0028508026152849197,2.552879095674143e-06,4.7062789576557407e-07
6.242343602025358e-07,9.964809578377753e-05,0.00019037030870094895,0.4973214566707611,0.7493171691894531,0.5439832806587219,8.698283636476845e-06,2.5057994434973807e-07,6.218232897481357e-07,0.011575889773666859,0.010130928829312325,0.5172851085662842,0.47356942296028137,0.18260908126831055,0.020866936072707176,0.028252845630049706,0.18187415599822998,0.015087507665157318,0.012417152523994446,0.024476509541273117,0.020523520186543465,0.08248105645179749,0.08233997970819473,1.0265422133670654e-05,0.0017601705621927977,0.0016895914450287819,7.964373253344093e-06,0.00021135350107215345,0.01203253772109747,0.0017643084283918142,0.005256038159132004,0.007374874781817198,0.0001423531211912632,0.0015388709725812078,6.273323378991336e-05,6.438809214159846e-05,0.14932583272457123,0.04921458661556244,0.006683145649731159,0.001635001040995121,0.019855434074997902,0.003213397692888975,0.62120521068573,0.0910978764295578,0.0015681962249800563,0.0005424599512480199,0.004841162357479334,0.0023372534196823835,0.0028576564509421587,0.0019251087214797735,2.588825736893341e-06,4.685146279825858e-07
6.170448614284396e-07,5.658797817886807e-05,0.00014162984734866768,0.5712741613388062,0.8039385676383972,0.5651006698608398,8.026549039641395e-06,2.311210494099214e-07,7.056482331790903e-07,0.005912574008107185,0.0066786864772439,0.5180072784423828,0.4721856415271759,0.11994896084070206,0.034305647015571594,0.03963693603873253,0.12255391478538513,0.015415792353451252,0.012507072649896145,0.013958834111690521,0.01604636386036873,0.13367116451263428,0.11825498938560486,1.0268653568346053e-05,0.0022295096423476934,0.0017409820575267076,6.377679255820112e-06,0.00021958335128147155,0.010552640073001385,0.0018192485440522432,0.005506669636815786,0.008195728994905949,0.00016231287736445665,0.0023672848474234343,6.07131514698267e-05,5.9291658544680104e-05,0.10872676223516464,0.0457126721739769,0.00789977703243494,0.0010887858225032687,0.01803913339972496,0.003335254965350032,0.659644365310669,0.10946670919656754,0.001398567110300064,0.0005288306274451315,0.0039634788408875465,0.0026704282499849796,0.0040505426004529,0.0030140536837279797,2.635659711813787e-06,4.200555281386187e-07
5.116140755490051e-07,5.2666237024823204e-05,5.9485122619662434e-05,0.634636402130127,0.7646010518074036,0.6073144674301147,7.156791525630979e-06,2.6834328537006513e-07,5.59372267616709e-07,0.0077351913787424564,0.010399246588349342,0.430433452129364,0.3826497197151184,0.24751265347003937,0.017372766509652138,0.015673289075493813,0.24257883429527283,0.024081923067569733,0.01887471415102482,0.021743273362517357,0.024728087708353996,0.10568781942129135,0.09798602014780045,1.2573436833918095e-05,0.0028263626154512167,0.001715409685857594,6.741220204276033e-06,0.00023349020921159536,0.008456092327833176,0.0015625354135408998,0.005630962084978819,0.007505336776375771,0.00019094330491498113,0.0017452029278501868,7.692551298532635e-05,7.332158565986902e-05,0.07054338604211807,0.02744472213089466,0.01292794942855835,0.0013344320468604565,0.01676362007856369,0.003163333050906658,0.5468742847442627,0.07732400298118591,0.0007734646205790341,0.0002677667944226414,0.003753082826733589,0.0016961480723693967,0.0026541855186223984,0.002047792775556445,2.759203653113218e-06,3.4696074635576224e-07
6.038320634615957e-07,5.648985461448319e-05,4.4229920604266226e-05,0.6506583094596863,0.7615455389022827,0.6295731067657471,8.941708983911667e-06,3.049087524686911e-07,6.292731313806144e-07,0.00830292608588934,0.015054616145789623,0.43816283345222473,0.39747804403305054,0.19574658572673798,0.02344343438744545,0.021297555416822433,0.1908176988363266,0.024513786658644676,0.01795860566198826,0.027083633467555046,0.031713563948869705,0.10022946447134018,0.075025774538517,1.3206630683271214e-05,0.003749085823073983,0.0026532590854912996,5.7359784477739595e-06,0.0003560950863175094,0.007679805625230074,0.0014512387569993734,0.010946342721581459,0.014935211278498173,0.00012868730118498206,0.0011181728914380074,9.043687168741599e-05,8.77056663739495e-05,0.08658543229103088,0.03283655643463135,0.006085091270506382,0.001365611213259399,0.029785506427288055,0.005766161251813173,0.5470108985900879,0.05897235497832298,0.0007450663251802325,0.0002517627435736358,0.004830311052501202,0.002479525050148368,0.0018290900625288486,0.001351051265373826,2.25728490477195e-06,4.484249132019613e-07
5.256034683043254e-07,4.794857886736281e-05,4.349691516836174e-05,0.6861739158630371,0.7672831416130066,0.6552327871322632,8.153110684361309e-06,2.29550678909618e-07,5.109071139486332e-07,0.006157726515084505,0.010186288505792618,0.45429328083992004,0.4086238443851471,0.19861140847206116,0.0201896820217371,0.02402338758111,0.1952885240316391,0.02378234453499317,0.0168296005576849,0.020821209996938705,0.02281513251364231,0.13819578289985657,0.09089666604995728,1.3085723367112223e-05,0.0033129453659057617,0.0019658436067402363,5.30501574758091e-06,0.00031380879227072,0.008773920126259327,0.0016846202779561281,0.005029859486967325,0.007036852650344372,0.0001991404133150354,0.003262696322053671,7.775572885293514e-05,7.247053144965321e-05,0.07530286908149719,0.032803162932395935,0.012748182751238346,0.0006466444465331733,0.018534937873482704,0.003654591040685773,0.5104681253433228,0.05966981127858162,0.0008046217262744904,0.0002812693128362298,0.003466679947450757,0.0017755426233634353,0.0023903006222099066,0.00183249288238585,2.3752440938551445e-06,3.3263819432249875e-07
5.060621788288699e-07,4.8027108277892694e-05,4.252908183843829e-05,0.691036581993103,0.7553484439849854,0.6157488226890564,8.23900154500734e-06,2.781964383302693e-07,5.569535233007628e-07,0.006030369084328413,0.011396726593375206,0.4594758450984955,0.4158113896846771,0.20277415215969086,0.0220852792263031,0.020864978432655334,0.19955699145793915,0.023000111803412437,0.01675410382449627,0.01990118809044361,0.026696378365159035,0.1319899559020996,0.09269380569458008,1.2904628420074005e-05,0.0033220506738871336,0.002398108597844839,6.9314901338657364e-06,0.00038036706973798573,0.008105253800749779,0.002032472286373377,0.005322914104908705,0.006647460628300905,0.00019235823128838092,0.0013519620988518,8.282799535663798e-05,7.664557779207826e-05,0.06997685879468918,0.028024764731526375,0.012358586303889751,0.0017157936235889792,0.023179469630122185,0.004582643508911133,0.5063077807426453,0.05740846320986748,0.000695264374371618,0.00023929844610393047,0.004048334900289774,0.0013787825591862202,0.0019273619400337338,0.0015162150375545025,2.203412122980808e-06,3.2089477031149727e-07
5.113067800266435e-07,5.0586124416440725e-05,4.120422454434447e-05,0.6777998208999634,0.7562662363052368,0.6383817791938782,8.6669169832021e-06,2.479853264958365e-07,4.864701850237907e-07,0.0062880911864340305,0.01401602290570736,0.44848552346229553,0.40176308155059814,0.18725459277629852,0.024111436679959297,0.02327055297791958,0.1834755390882492,0.026126252487301826,0.017107883468270302,0.023695209994912148,0.028202645480632782,0.13346190750598907,0.07546336948871613,1.4721311345056165e-05,0.0028850466478616,0.0020048010628670454,6.211408617673442e-06,0.0003098521556239575,0.008005285635590553,0.0016998022329062223,0.006557554472237825,0.008814198896288872,0.00017925104475580156,0.0015936123672872782,9.103457705350593e-05,8.580102439736947e-05,0.07166004180908203,0.029909556731581688,0.010308782570064068,0.0011560339480638504,0.01958647184073925,0.0036057576071470976,0.4748259484767914,0.0541120246052742,0.0008072235505096614,0.00028647854924201965,0.004022715613245964,0.001895523862913251,0.002286903327330947,0.001734792604111135,2.501239350749529e-06,3.414396019252308e-07
4.3705907160074275e-07,5.31334153492935e-05,4.70746927021537e-05,0.6921849250793457,0.7506324052810669,0.6074143648147583,8.152333066391293e-06,2.792490363390243e-07,4.768030521518085e-07,0.0061368620954453945,0.0121766971424222,0.4665207266807556,0.4253397583961487,0.23525655269622803,0.01793232001364231,0.017185349017381668,0.2319444864988327,0.02172199822962284,0.015777038410305977,0.019184991717338562,0.029112379997968674,0.12643519043922424,0.08837313950061798,1.4376539184013382e-05,0.002760416828095913,0.0020006883423775434,7.266326065291651e-06,0.00030684834928251803,0.006425929255783558,0.0020635693799704313,0.005360890179872513,0.005969686899334192,0.00021425943123176694,0.000956274860072881,9.937688446370885e-05,8.46846669446677e-05,0.06794825941324234,0.026662267744541168,0.01354507077485323,0.002685217186808586,0.017249329015612602,0.0037792406510561705,0.4225098788738251,0.054279766976833344,0.0007520542130805552,0.0002590258663985878,0.005135467741638422,0.0010702860308811069,0.002325044246390462,0.0019254513317719102,2.5364158773300005e-06,3.070233560720226e-07
6.485317953774938e-07,3.514162381179631e-05,3.493485564831644e-05,0.7349321842193604,0.7650603652000427,0.6284369230270386,7.752810233796481e-06,3.739488079190778e-07,5.129497253619775e-07,0.006253909319639206,0.020410167053341866,0.3235361874103546,0.3051796853542328,0.23708581924438477,0.01702660135924816,0.02082309126853943,0.22853901982307434,0.04246276989579201,0.030189083889126778,0.032420895993709564,0.04689991846680641,0.1356787532567978,0.05942695587873459,1.1926604202017188e-05,0.0029010633006691933,0.002139636082574725,6.35767673884402e-06,0.0003677892091218382,0.006881140638142824,0.001194692449644208,0.012493705376982689,0.018250325694680214,0.00015665490354876965,0.001092475256882608,8.007579162949696e-05,7.86103555583395e-05,0.05215532332658768,0.022138942033052444,0.01171110849827528,0.0015082549070939422,0.02301643230021,0.002846161602064967,0.6050325036048889,0.07501877099275589,0.0006322574336081743,0.00023019398213364184,0.003974470309913158,0.0033463751897215843,0.002653400180861354,0.001867528771981597,2.2835076833871426e-06,3.8530220081156585e-07
4.973433647137426e-07,5.574313036049716e-05,4.066382098244503e-05,0.6788898706436157,0.7417996525764465,0.6268039345741272,8.907009942049626e-06,2.651484578564123e-07,4.494275742672471e-07,0.0068146404810249805,0.016205091029405594,0.441778302192688,0.39493033289909363,0.1776982843875885,0.025301415473222733,0.02576734684407711,0.1721750944852829,0.027108963578939438,0.0178812425583601,0.02616422064602375,0.03309428319334984,0.1268281489610672,0.06642863899469376,1.6147589121828787e-05,0.0028011745307594538,0.0019263157155364752,5.482478172780247e-06,0.00031377316918224096,0.0065664793364703655,0.0017211040249094367,0.00957499723881483,0.012191124260425568,0.00016159232473000884,0.0010978082427754998,0.00010329244105378166,9.416529792360961e-05,0.06968742609024048,0.02954867295920849,0.0086068045347929,0.0014442248502746224,0.018769342452287674,0.0030844821594655514,0.44572240114212036,0.049217939376831055,0.0009045604965649545,0.0003271611058153212,0.00537105742841959,0.002099829725921154,0.0024205558001995087,0.0018606703961268067,2.494050932000391e-06,3.5834673894896696e-07
6.414201152438181e-07,3.560667755664326e-05,3.202288644388318e-05,0.725441575050354,0.7791081666946411,0.6442240476608276,9.620091077522375e-06,3.629392608672788e-07,5.530447424462182e-07,0.006253103259950876,0.018686899915337563,0.40800607204437256,0.368600457906723,0.18429353833198547,0.023618878796696663,0.02698269858956337,0.1770719438791275,0.03228354454040527,0.021548425778746605,0.03083110600709915,0.0428728349506855,0.1366639882326126,0.06353176385164261,1.4787611689826008e-05,0.0029959906823933125,0.0023029735311865807,6.0750844568246976e-06,0.00043521757470443845,0.007727641146630049,0.0013441196642816067,0.011169717647135258,0.015214197337627411,0.00016799055447336286,0.0006551029509864748,8.656632417114452e-05,9.51739348238334e-05,0.07016115635633469,0.021630393341183662,0.00911699514836073,0.002658247947692871,0.021679848432540894,0.0034136888571083546,0.5087517499923706,0.06095711141824722,0.000957588548772037,0.0003127061645500362,0.005392666906118393,0.0027556559070944786,0.003015788272023201,0.0020129296462982893,2.4608323201391613e-06,4.2528188259893795e-07
6.423536547117692e-07,4.42678174294997e-05,2.6286879801773466e-05,0.7181330919265747,0.7596061825752258,0.666217029094696,1.0453351933392696e-05,3.7216813097984414e-07,5.484222356244572e-07,0.007935266010463238,0.01761925406754017,0.42847132682800293,0.38610905408859253,0.1908874660730362,0.024108124896883965,0.023711439222097397,0.18381373584270477,0.028899917379021645,0.01910567842423916,0.03146492689847946,0.035614050924777985,0.11185488849878311,0.06876605749130249,1.4738559002580587e-05,0.002850103424862027,0.002348885638639331,6.233305612113327e-06,0.0004030316194985062,0.007218718528747559,0.0016955601749941707,0.012337868101894855,0.015719540417194366,0.0001399158500134945,0.0005091862985864282,9.045990736922249e-05,8.615850674686953e-05,0.08597713708877563,0.029045624658465385,0.005987573880702257,0.0032872173469513655,0.02308053709566593,0.0040722801350057125,0.5259820222854614,0.06345611065626144,0.0012964396737515926,0.00043553151772357523,0.007294534705579281,0.0025284294970333576,0.00301942671649158,0.002132437191903591,2.419390739305527e-06,4.352874896085268e-07
5.894563059882785e-07,5.3516436310019344e-05,2.8181193556520157e-05,0.6897103786468506,0.7677839398384094,0.6786249876022339,1.043806150846649e-05,2.8224016546118946e-07,5.715909878745151e-07,0.007292736787348986,0.013505669310688972,0.44956454634666443,0.4108988344669342,0.16748805344104767,0.027376754209399223,0.02643611468374729,0.16485048830509186,0.025044480338692665,0.016969194635748863,0.024935733526945114,0.025378022342920303,0.12198574095964432,0.08236858248710632,1.328417693002848e-05,0.0032202734146267176,0.0027371214237064123,7.140634352253983e-06,0.00040252614417113364,0.00889838021248579,0.0020262636244297028,0.00558251328766346,0.007228389382362366,0.00015326925495173782,0.000859671039506793,9.176513412967324e-05,8.730398258194327e-05,0.09372469037771225,0.03178108111023903,0.007285500876605511,0.0024106758646667004,0.02780100703239441,0.006237395107746124,0.519656777381897,0.05559159815311432,0.0009332693880423903,0.00029858696507290006,0.00441356934607029,0.0015447589103132486,0.0022936174646019936,0.0016897973837330937,2.3302338831854286e-06,3.7231191640785255e-07
6.26586142971064e-07,3.824745726888068e-05,3.6392579204402864e-05,0.7302266359329224,0.7615513801574707,0.621128499507904,8.053076271608006e-06,3.4742527077469276e-07,4.6919294049985183e-07,0.00761034432798624,0.0227960217744112,0.3853728771209717,0.3506341576576233,0.2102988213300705,0.01899906061589718,0.024909798055887222,0.20134176313877106,0.03394252434372902,0.023452576249837875,0.0317818708717823,0.048438698053359985,0.11820769309997559,0.05258619040250778,1.3856757504981942e-05,0.002724985359236598,0.0016894611762836576,5.221485025685979e-06,0.00031893898267298937,0.007187660783529282,0.001179116778075695,0.012200325727462769,0.01710730604827404,0.0001728887582430616,0.0009813121287152171,7.343466859310865e-05,7.607962470501661e-05,0.0695853903889656,0.023890627548098564,0.009347368963062763,0.0017144205048680305,0.015255746431648731,0.0023281145840883255,0.5426589250564575,0.0742872953414917,0.0011907779844477773,0.0004066578112542629,0.005776789039373398,0.0032805530354380608,0.003618063172325492,0.0024135641288012266,2.6591092137095984e-06,4.197567875507957e-07
6.184440621836984e-07,3.0426812372752465e-05,2.780500471999403e-05,0.7536523342132568,0.7872793674468994,0.6654423475265503,9.745535862748511e-06,3.489434448056272e-07,5.143605221746839e-07,0.007893810980021954,0.01535157673060894,0.36344316601753235,0.3357585668563843,0.18363869190216064,0.02308901771903038,0.026978496462106705,0.17509162425994873,0.03744442015886307,0.026695195585489273,0.03770288825035095,0.04283042252063751,0.12087851017713547,0.07231485098600388,1.9377152057131752e-05,0.0025150738656520844,0.002022712491452694,6.196712092787493e-06,0.0004287423216737807,0.007139398716390133,0.0008830773876979947,0.012187094427645206,0.018053803592920303,0.00021043272863607854,0.0017683601472526789,0.00010203808051301166,0.00012431862705852836,0.06348089873790741,0.02041417546570301,0.013230906799435616,0.0007971594459377229,0.018360570073127747,0.0026184706948697567,0.40214526653289795,0.04567042738199234,0.0007594082271680236,0.0002450456959195435,0.00447354419156909,0.003337078494951129,0.0026509531307965517,0.0017163801239803433,2.7404951197240734e-06,4.159647346568818e-07
5.234340392235026e-07,3.789973561652005e-05,3.242502498324029e-05,0.7328693866729736,0.7695664167404175,0.6389560699462891,9.294250048696995e-06,2.905979954448412e-07,4.4170056412440317e-07,0.00821806862950325,0.014665226452052593,0.43507400155067444,0.3880946934223175,0.174611896276474,0.023867003619670868,0.028076572343707085,0.16776862740516663,0.028766488656401634,0.019172120839357376,0.03416181728243828,0.03543955832719803,0.11431711167097092,0.07172276824712753,1.9681017874972895e-05,0.002046226290985942,0.0019534521270543337,7.374687811534386e-06,0.00041013400186784565,0.00723320571705699,0.0013570917071774602,0.006864112801849842,0.010096710175275803,0.00023411930305883288,0.0014772815629839897,0.00010868838580790907,0.00011939677642658353,0.0631861463189125,0.026377098634839058,0.012718881480395794,0.0011548905167728662,0.015546916052699089,0.002690933644771576,0.34759560227394104,0.04317985475063324,0.0008493747445754707,0.00032653415109962225,0.0034321045968681574,0.002620144747197628,0.0026213787496089935,0.001929421559907496,2.6494649318919983e-06,3.6940608083568804e-07
6.356751782732317e-07,2.949832742160652e-05,2.7499059797264636e-05,0.7441741228103638,0.7931883335113525,0.649019718170166,1.1106675628980156e-05,3.8957122683314083e-07,5.232558919487929e-07,0.009029068984091282,0.02048245631158352,0.37717336416244507,0.34114059805870056,0.1615365594625473,0.027915891259908676,0.031199201941490173,0.1519564688205719,0.035923223942518234,0.026067005470395088,0.03913208097219467,0.053549353033304214,0.10624238848686218,0.059200841933488846,2.0096300431760028e-05,0.002714169677346945,0.0022742804139852524,5.371512997953687e-06,0.0004821072216145694,0.007000512443482876,0.0010623958660289645,0.018259359523653984,0.023900287225842476,0.00016450154362246394,0.0008646608330309391,0.00010597043001325801,0.00012489728396758437,0.08026536554098129,0.022817615419626236,0.0071016279980540276,0.0014307480305433273,0.020595356822013855,0.0032856054604053497,0.4104371964931488,0.04633635655045509,0.0012014803942292929,0.0003657311899587512,0.008221644908189774,0.0033004828728735447,0.0030520730651915073,0.0019243924180045724,2.4652599677210674e-06,4.744407817725005e-07
6.722069656461827e-07,2.7866990421898663e-05,2.642411163833458e-05,0.7564629912376404,0.7874865531921387,0.6501361727714539,1.0143950930796564e-05,4.900233534499421e-07,4.863769049734401e-07,0.01079176738858223,0.030553987249732018,0.3916490077972412,0.3556183874607086,0.23927374184131622,0.01724393106997013,0.02142936922609806,0.22594965994358063,0.034569885581731796,0.024218540638685226,0.048014238476753235,0.07212325185537338,0.09385332465171814,0.0440593846142292,1.6561218217248097e-05,0.0031791895162314177,0.00212460127659142,4.7450048441533e-06,0.00042755462345667183,0.0060536907985806465,0.0010045311646535993,0.029028303921222687,0.036976974457502365,0.00014926174480933696,0.0009069138905033469,9.072762622963637e-05,9.278566722059622e-05,0.06613869220018387,0.021339889615774155,0.008124570362269878,0.001382560352794826,0.021135225892066956,0.002865397837013006,0.5307644605636597,0.06660092622041702,0.001060129259712994,0.0003251979360356927,0.010190333239734173,0.0035751094110310078,0.003346626413986087,0.0022017834708094597,2.417658379272325e-06,5.219809509071638e-07
6.476584530901164e-07,3.4379128919681534e-05,2.2621212337980978e-05,0.7409006953239441,0.784254789352417,0.6611816883087158,1.1130882739962544e-05,3.9454926081816666e-07,5.199216275286744e-07,0.0085877925157547,0.022595921531319618,0.3703826367855072,0.33850419521331787,0.1535339504480362,0.03077906183898449,0.03195946663618088,0.14527152478694916,0.036148615181446075,0.02563602477312088,0.03669596463441849,0.04836316406726837,0.10650794208049774,0.05654900521039963,1.7277778169955127e-05,0.0030505498871207237,0.002246104646474123,4.7672760956629645e-06,0.00041366121149621904,0.006643195636570454,0.001253804424777627,0.02158406376838684,0.02632744051516056,0.0001292706438107416,0.0006282515823841095,0.00010014553845394403,0.00010380718595115468,0.08541281521320343,0.024583308026194572,0.005542928818613291,0.001982602756470442,0.022731963545084,0.0033985802438110113,0.5099122524261475,0.058551959693431854,0.0014303241623565555,0.000428631785325706,0.0107252923771739,0.0030547298956662416,0.0033656242303550243,0.002254991792142391,2.469507307978347e-06,4.547821106370975e-07
6.198552569003368e-07,2.4051247237366624e-05,2.6384481316199526e-05,0.7590779662132263,0.8023688793182373,0.6212007999420166,8.891046491044108e-06,4.204450760880718e-07,3.957702574552968e-07,0.009835840202867985,0.03659301996231079,0.3537496328353882,0.32684123516082764,0.23761697113513947,0.017149748280644417,0.021747862920165062,0.22462910413742065,0.0393659844994545,0.028360677883028984,0.044854938983917236,0.09378565102815628,0.09882985055446625,0.03730655089020729,1.3976628906675614e-05,0.0032198617700487375,0.0025989573914557695,6.4362079683633056e-06,0.0005846755811944604,0.006185129750519991,0.0015911661321297288,0.011850825510919094,0.014429938979446888,0.00017214837134815753,0.0011805766262114048,8.105130837066099e-05,6.979278259677812e-05,0.0632576271891594,0.029658952727913857,0.008994804695248604,0.001331798848696053,0.02331780456006527,0.003886044956743717,0.5214228630065918,0.05763477832078934,0.0009213353041559458,0.00032656340044923127,0.006408215966075659,0.0022656291257590055,0.00211810483597219,0.0016941353678703308,1.7553608131493093e-06,3.944089144169993e-07
5.955850497230131e-07,4.479879135033116e-05,3.3911317586898804e-05,0.7070008516311646,0.7676981091499329,0.6403435468673706,9.020643119583838e-06,3.4150798455812037e-07,4.483971167701384e-07,0.008084150031208992,0.026509325951337814,0.398917019367218,0.36944109201431274,0.21863597631454468,0.017957577481865883,0.02376067079603672,0.21048255264759064,0.03226494789123535,0.021269850432872772,0.03605677932500839,0.04994328320026398,0.11675622314214706,0.04642203077673912,1.2081099157512654e-05,0.0025746331084519625,0.002432416658848524,7.234001714095939e-06,0.0004186864825896919,0.006202644668519497,0.001421046326868236,0.01327682938426733,0.016949685290455818,0.00013008093810640275,0.0006820724229328334,8.589525532443076e-05,7.762926543364301e-05,0.0681433379650116,0.025969790294766426,0.007994205690920353,0.002345164306461811,0.026192329823970795,0.004261489026248455,0.5491175651550293,0.054883234202861786,0.000689665146637708,0.00023260187299456447,0.005862436257302761,0.0023920771200209856,0.0019814614206552505,0.0014857350615784526,2.1670639398507774e-06,4.043936883135757e-07
6.570506343450688e-07,4.0276074287248775e-05,3.131680568912998e-05,0.7147985696792603,0.7747863531112671,0.6556057333946228,9.748240699991584e-06,3.2614590850243985e-07,4.844673071602301e-07,0.009294858202338219,0.025960903614759445,0.39190873503685,0.35875189304351807,0.1591789573431015,0.025831419974565506,0.034885697066783905,0.15187960863113403,0.03242094814777374,0.022342823445796967,0.040801189839839935,0.0488172210752964,0.10227221250534058,0.04512286186218262,1.3733606465393677e-05,0.0032829802948981524,0.002173809567466378,5.1539350351959e-06,0.00044058196363039315,0.008418213576078415,0.0013921447098255157,0.009569711983203888,0.012741410173475742,0.00016314565436914563,0.0009710504673421383,7.422501221299171e-05,7.827574881957844e-05,0.0852811336517334,0.025226227939128876,0.008483747020363808,0.0017711567925289273,0.020716754719614983,0.0033562309108674526,0.5209726095199585,0.05905216559767723,0.0011818553321063519,0.00036527615156956017,0.0061201853677630424,0.002468686318024993,0.0025717648677527905,0.00167470786254853,2.4010550987441093e-06,4.1977600062637066e-07
6.617696044486365e-07,2.494262662366964e-05,2.3673252144362777e-05,0.7831590175628662,0.7983713150024414,0.6697952747344971,9.19685680855764e-06,4.1245499460274004e-07,4.4888273009746626e-07,0.0091468570753932,0.028414679691195488,0.31172141432762146,0.29856544733047485,0.21198222041130066,0.01855982467532158,0.02601960115134716,0.2007271647453308,0.045168712735176086,0.03269108757376671,0.046387042850255966,0.06601592898368835,0.10541574656963348,0.04516791179776192,1.5494111721636727e-05,0.0024568361695855856,0.0018511544913053513,5.726959443563828e-06,0.0003952163679059595,0.0066442028619349,0.0010345751652494073,0.0157224852591753,0.021463975310325623,0.00016741600120440125,0.0010820594616234303,8.116036042338237e-05,8.599041029810905e-05,0.0678456649184227,0.02276054583489895,0.009566228836774826,0.0013423669151961803,0.017501700669527054,0.0024189234245568514,0.5147548913955688,0.060412727296352386,0.0010711944196373224,0.0003510685928631574,0.00668514845892787,0.0036686731036752462,0.0031186395790427923,0.0019947306718677282,2.526944172132062e-06,4.19444262433899e-07
4.803511615136813e-07,5.504710497916676e-05,2.998202216986101e-05,0.6976521015167236,0.7558549046516418,0.6721482276916504,9.128663805313408e-06,2.723692489325913e-07,4.475589037156169e-07,0.008335376158356667,0.019276300445199013,0.4325736165046692,0.39271965622901917,0.17153681814670563,0.025398386642336845,0.028007065877318382,0.16679216921329498,0.02697397954761982,0.01777314580976963,0.030513759702444077,0.029676290228962898,0.10655857622623444,0.060467880219221115,1.3390483218245208e-05,0.0033003983553498983,0.0021259463392198086,6.243872121558525e-06,0.00029561843257397413,0.005614174529910088,0.0019107932457700372,0.008153591305017471,0.009313237853348255,0.00015911387163214386,0.0007250841008499265,9.869353380054235e-05,8.309802069561556e-05,0.0731746032834053,0.028664203360676765,0.008518243208527565,0.0026533056516200304,0.021566417068243027,0.004446377977728844,0.4733273684978485,0.05252095311880112,0.0007733434322290123,0.0002592121600173414,0.005859396420419216,0.001370171899907291,0.0017883188556879759,0.001498344587162137,2.6554346277407603e-06,3.3833111956482753e-07
5.171128805159242e-07,4.937841003993526e-05,2.9094457204337232e-05,0.7109057903289795,0.750059962272644,0.6558696627616882,9.477551429881714e-06,2.486514745214663e-07,4.6225412120293186e-07,0.010082625783979893,0.01764276809990406,0.41013553738594055,0.3731718063354492,0.188652902841568,0.02221697010099888,0.02513834461569786,0.18341919779777527,0.02893494814634323,0.01961054839193821,0.03560210019350052,0.02858833409845829,0.09390655159950256,0.06302732974290848,1.4501817531709094e-05,0.003253904404118657,0.0022021771874278784,5.803082331112819e-06,0.00031457230215892196,0.008724134415388107,0.0020219781436026096,0.0052904849871993065,0.007252018433064222,0.00015476472617592663,0.0015060253208503127,9.655251778895035e-05,8.783146040514112e-05,0.08618949353694916,0.03804996609687805,0.0074163475073874,0.001206643762998283,0.022077267989516258,0.004918592981994152,0.46399953961372375,0.049919452518224716,0.0009118571761064231,0.00032464778632856905,0.0037223880644887686,0.0018193083815276623,0.0019040122861042619,0.0014755594311282039,2.475430392223643e-06,3.5289946254124516e-07
5.460008196678245e-07,3.94868511648383e-05,2.662020779098384e-05,0.7223069071769714,0.7653087973594666,0.6433156728744507,1.021992284222506e-05,3.240469652610045e-07,4.516984972724458e-07,0.009890352375805378,0.018211334943771362,0.361838698387146,0.33493727445602417,0.18301421403884888,0.02429214119911194,0.024912359192967415,0.1757800132036209,0.035981684923172,0.02503129281103611,0.043535880744457245,0.03717600554227829,0.0951114222407341,0.06416954100131989,1.570285894558765e-05,0.0028117585461586714,0.0024260194040834904,6.731802841386525e-06,0.00042755299364216626,0.006214509718120098,0.0016211200272664428,0.00946376845240593,0.011408701539039612,0.0001605804282007739,0.0008822183008305728,0.00010592516628094018,9.645479440223426e-05,0.0722280740737915,0.028156276792287827,0.007827156223356724,0.0018285425612702966,0.022260915488004684,0.004165532533079386,0.44179996848106384,0.04859462007880211,0.0009088637307286263,0.00030596411670558155,0.005905137863010168,0.0018118091393262148,0.0022254399955272675,0.0016939097549766302,2.3254608549905242e-06,3.6582036955223884e-07
5.202688271310763e-07,4.9643145757727325e-05,2.484586184436921e-05,0.7256746292114258,0.7408392429351807,0.6649274230003357,8.301008165290114e-06,2.817802737808961e-07,4.1534437400514435e-07,0.008321813307702541,0.01780315674841404,0.40287911891937256,0.3702341914176941,0.17428162693977356,0.024973828345537186,0.027439147233963013,0.1698954701423645,0.030324896797537804,0.02004178985953331,0.0343337245285511,0.03154958039522171,0.10741472244262695,0.062177158892154694,1.2802178389392793e-05,0.002748860977590084,0.002065550070255995,7.348060080403229e-06,0.00033114440157078207,0.007159497123211622,0.0018553483532741666,0.005630088970065117,0.007482517510652542,0.00019044909276999533,0.0012409377377480268,8.61110383993946e-05,7.750358781777322e-05,0.056668542325496674,0.02572738192975521,0.0129972193390131,0.0016403947956860065,0.0200638547539711,0.0033116794656962156,0.5189269781112671,0.06314382702112198,0.0006913530523888767,0.0002544917806517333,0.003451948519796133,0.001646883669309318,0.002200844930484891,0.0017346785170957446,2.4463317913614446e-06,3.01572924854554e-07
6.415485813704436e-07,4.601347609423101e-05,3.338937312946655e-05,0.7160001993179321,0.7600443363189697,0.6639758348464966,9.147941455012187e-06,3.125373950751964e-07,5.267546043796756e-07,0.00800603162497282,0.02032380923628807,0.44274967908859253,0.40188121795654297,0.22466319799423218,0.01725933514535427,0.022366372868418694,0.21897703409194946,0.0274469293653965,0.01756206713616848,0.034152623265981674,0.03856775164604187,0.11594847589731216,0.057381290942430496,1.3858475540473592e-05,0.0026381704956293106,0.0019936878234148026,6.095965545682702e-06,0.00033896396053023636,0.009767301380634308,0.0012517650611698627,0.00803567748516798,0.012309247627854347,0.00016381828754674643,0.0011151970829814672,7.644229481229559e-05,8.907805022317916e-05,0.08225442469120026,0.024657607078552246,0.009410597383975983,0.001637631910853088,0.01975668966770172,0.0033906453754752874,0.5309617519378662,0.06221124529838562,0.0009439068962819874,0.0003049082006327808,0.003872838569805026,0.0029266830533742905,0.0030916344840079546,0.0019128506537526846,2.6429490844748216e-06,4.396765405090264e-07
6.204738269843801e-07,3.229479625588283e-05,3.242731327190995e-05,0.7356939315795898,0.7811711430549622,0.6548789739608765,8.537849680578802e-06,3.408071904686949e-07,4.874114551967068e-07,0.00906655378639698,0.02506798319518566,0.4024564325809479,0.367694228887558,0.19661153852939606,0.02036101184785366,0.026426304131746292,0.19000881910324097,0.03257298097014427,0.0217222198843956,0.03861881047487259,0.04836453124880791,0.10948560386896133,0.04734661802649498,1.4151940376905259e-05,0.002655948046594858,0.001964691560715437,6.602625489904312e-06,0.00034417203278280795,0.006959206890314817,0.001054239459335804,0.010939867235720158,0.016318898648023605,0.00017035154451150447,0.0013559283688664436,8.205529593396932e-05,8.874652849044651e-05,0.06514410674571991,0.024760525673627853,0.010298093780875206,0.0011769073316827416,0.019423862919211388,0.0029738303273916245,0.5318323373794556,0.06389781832695007,0.0007619747193530202,0.0002652568509802222,0.004067098256200552,0.0033580304589122534,0.002610137453302741,0.0017584252636879683,2.6583079488773365e-06,4.21157011487594e-07
5.364287858355965e-07,5.085271914140321e-05,3.397524415049702e-05,0.7171773910522461,0.7554953694343567,0.6655980944633484,8.806508049019612e-06,3.23628796650155e-07,4.08273791663305e-07,0.009113254025578499,0.023655874654650688,0.4574449956417084,0.4152955412864685,0.22487039864063263,0.016035186126828194,0.023875180631875992,0.21712499856948853,0.02560325339436531,0.016710501164197922,0.03603971377015114,0.04586232826113701,0.10611461102962494,0.04889201745390892,1.5212961443467066e-05,0.002162863267585635,0.0017767323879525065,6.855206265754532e-06,0.0003151841228827834,0.006285015493631363,0.0012801560806110501,0.009634170681238174,0.012746622785925865,0.0001962816168088466,0.0009360474068671465,9.283522376790643e-05,9.2334630608093e-05,0.06743711978197098,0.023129640147089958,0.011427992954850197,0.001925183809362352,0.016056174412369728,0.0027670245617628098,0.4382988512516022,0.05359477549791336,0.0008234265260398388,0.00027647349634207785,0.005342688877135515,0.0022137139458209276,0.00277667585760355,0.001995128346607089,2.7561504793993663e-06,4.0658900957168953e-07
6.166125103845843e-07,2.853023943316657e-05,2.329635390196927e-05,0.7764337062835693,0.8070201873779297,0.6986432671546936,9.746046998770908e-06,3.787950788591843e-07,4.973903173777217e-07,0.008852729573845863,0.022995520383119583,0.3927218019962311,0.3606051504611969,0.17639148235321045,0.02398104779422283,0.02923542819917202,0.16859425604343414,0.034343983978033066,0.023404179140925407,0.03845101222395897,0.049605242908000946,0.11466518044471741,0.05416155233979225,1.836414412537124e-05,0.0019458316965028644,0.0019274664809927344,8.227680154959671e-06,0.0003879740252159536,0.006300405133515596,0.0009682941599749029,0.012513082474470139,0.018073301762342453,0.0001936742919497192,0.0007806646171957254,0.0001021666030283086,0.00011965162411797792,0.07293660193681717,0.022435467690229416,0.010121067985892296,0.002011521952226758,0.017041677609086037,0.0028251532930880785,0.4042232930660248,0.04738515242934227,0.000860140542499721,0.0002846875286195427,0.005030038766562939,0.0034371777437627316,0.0026714103296399117,0.0016956779872998595,3.112104877800448e-06,4.433016442817461e-07
6.770108029741095e-07,3.9873808418633416e-05,2.925223088823259e-05,0.6771559715270996,0.8137794733047485,0.7222186326980591,9.847997716860846e-06,3.838359248220513e-07,6.221388275662321e-07,0.018307793885469437,0.0218445286154747,0.47046947479248047,0.4226286709308624,0.22646035254001617,0.01852257177233696,0.018870394676923752,0.22181913256645203,0.020177142694592476,0.015767963603138924,0.03597240895032883,0.03549986332654953,0.05533968657255173,0.058327119797468185,1.7834046957432292e-05,0.0016509678680449724,0.00134645018260926,5.883953235752415e-06,0.00016384203627239913,0.010484494268894196,0.001834980328567326,0.015572788193821907,0.02416953071951866,0.00010927596304100007,0.0010263387812301517,9.217461047228426e-05,8.940201223595068e-05,0.12009340524673462,0.056596238166093826,0.0031804938334971666,0.0013214596547186375,0.016094429418444633,0.0027192337438464165,0.5914628505706787,0.08636068552732468,0.0027035267557948828,0.001117701642215252,0.006913384888321161,0.006469148211181164,0.005286441650241613,0.0037146005779504776,3.394077111806837e-06,5.934050477662822e-07
4.0800327383294643e-07,6.781932461308315e-05,0.00014639082655776292,0.5148454904556274,0.7582497000694275,0.49261340498924255,7.172670848376583e-06,2.2541367172834725e-07,2.799556284571736e-07,0.026916537433862686,0.048858046531677246,0.462660014629364,0.418028861284256,0.26087674498558044,0.013288929127156734,0.018038729205727577,0.25331801176071167,0.019687170162796974,0.01636340841650963,0.05902717262506485,0.08699671179056168,0.03694796934723854,0.026307569816708565,9.404452612216119e-06,0.0020652315579354763,0.0017718338640406728,9.122450137510896e-06,0.00022545761021319777,0.009838320314884186,0.0037376394029706717,0.0018089431105181575,0.002191494917497039,0.00015755341155454516,0.001368665019981563,6.82216850691475e-05,4.835873914998956e-05,0.08972705900669098,0.05439826473593712,0.008229220286011696,0.002087812637910247,0.015995021909475327,0.0048569077625870705,0.5472158789634705,0.06437133997678757,0.0009708956349641085,0.0003787431924138218,0.002788025885820389,0.0008143807062879205,0.0020667966455221176,0.0020811420399695635,1.947563532667118e-06,3.317789776247082e-07
6.118209512351314e-07,0.0007343136821873486,0.0010874231811612844,0.23331664502620697,0.47559306025505066,0.25467240810394287,4.431868546816986e-06,1.5042907364204439e-07,2.0343853179838334e-07,0.04174286499619484,0.06916439533233643,0.45078012347221375,0.411650687456131,0.21636953949928284,0.01465162355452776,0.027035942301154137,0.21621033549308777,0.02004174515604973,0.015339390374720097,0.08939283341169357,0.09888646751642227,0.025215383619070053,0.015083341859281063,4.570933015202172e-06,0.002185277873650193,0.0013551105512306094,5.7577913139539305e-06,0.0001982998801395297,0.009945059195160866,0.0019250581972301006,0.0023361772764474154,0.003499420825392008,0.0001227772154379636,0.002601508516818285,2.5916324375430122e-05,1.9025072106160223e-05,0.08770570904016495,0.04579726234078407,0.007794876117259264,0.0007835653959773481,0.012857845984399319,0.002582461340352893,0.7421225309371948,0.10933609306812286,0.0011423340765759349,0.000469283084385097,0.0023669537622481585,0.0015891804359853268,0.0019506141543388367,0.001621117116883397,1.5063624232425354e-06,4.257425132436765e-07
7.190815836111142e-07,0.004845612216740847,0.006278444081544876,0.05794554576277733,0.25217896699905396,0.15190057456493378,4.378870016807923e-06,1.2457718412406393e-07,1.910501339352777e-07,0.05641544610261917,0.07235634326934814,0.43401646614074707,0.4072228670120239,0.2558590769767761,0.010657700709998608,0.022393211722373962,0.24172022938728333,0.01710914447903633,0.015248190611600876,0.08949550986289978,0.10151245445013046,0.017474612221121788,0.01328981015831232,4.749110757984454e-06,0.0017670170636847615,0.0010907702380791306,4.798864210897591e-06,0.0001447087270207703,0.007621805649250746,0.002084336243569851,0.0024934427347034216,0.0036613354459404945,0.00011900861136382446,0.002124563790857792,3.2399089832324535e-05,2.259641587443184e-05,0.11738620698451996,0.06348937004804611,0.005169379059225321,0.0007994708721525967,0.009760039858520031,0.0022143416572362185,0.6723341941833496,0.11617602407932281,0.001657205750234425,0.0007522236555814743,0.002737584989517927,0.0016742273001000285,0.0023853511083871126,0.0020823741797357798,1.4605542446588515e-06,5.602125838777283e-07
1.0414865982966148e-06,0.014572551473975182,0.0205524992197752,0.02889189124107361,0.13155753910541534,0.0691952332854271,4.039614395878743e-06,9.74122471575356e-08,1.856006974776392e-07,0.05680035799741745,0.08391065895557404,0.4165557026863098,0.38879117369651794,0.1864684522151947,0.014171754941344261,0.029598673805594444,0.21575190126895905,0.02052891254425049,0.015845121815800667,0.1131771132349968,0.10724115371704102,0.01892905868589878,0.009891048073768616,3.379078407306224e-06,0.0023587059695273638,0.0014078725362196565,4.238350811647251e-06,0.00022097834153100848,0.008992446586489677,0.0015488326316699386,0.001894952030852437,0.0030400315299630165,0.0001123682814068161,0.004281844478100538,1.6836842405609787e-05,1.262301975657465e-05,0.11110389977693558,0.048103246837854385,0.007024702616035938,0.00039137323619797826,0.012962386943399906,0.0027696327306330204,0.7892758846282959,0.14144279062747955,0.0013157036155462265,0.0005386790726333857,0.002140260534361005,0.0017300870968028903,0.0018508697394281626,0.0015176668530330062,9.617922387405997e-07,5.777961291641986e-07
1.1001718576153507e-06,0.019716553390026093,0.028690584003925323,0.02166217751801014,0.11346559226512909,0.05361488461494446,4.065706889377907e-06,9.797479094686423e-08,1.743417783472978e-07,0.06779973953962326,0.10060414671897888,0.3324964940547943,0.3222137987613678,0.1832052767276764,0.01237599179148674,0.03102717734873295,0.23388613760471344,0.0274924635887146,0.02192281372845173,0.13965195417404175,0.13855664432048798,0.015627430751919746,0.008254830725491047,3.6300991723692277e-06,0.0019698366522789,0.00127268279902637,5.057952421338996e-06,0.00020814609888475388,0.01163860410451889,0.0016919901827350259,0.0012724446132779121,0.002160474890843034,0.0001248272747034207,0.0026268225628882647,1.7347419998259284e-05,1.404865543008782e-05,0.11642079055309296,0.04526986554265022,0.0075715286657214165,0.0006818459369242191,0.011267024092376232,0.002374370815232396,0.752849280834198,0.12338177859783173,0.001515465322881937,0.0006236661574803293,0.001664215698838234,0.0017717714654281735,0.0017994556110352278,0.0013629489112645388,1.0135141792488866e-06,5.885777341063658e-07
1.3787007446808275e-06,0.025509940460324287,0.042722344398498535,0.01650320552289486,0.09793754667043686,0.03869406506419182,3.7259501368680503e-06,1.0450170861986408e-07,1.65952116049084e-07,0.08387743681669235,0.13934648036956787,0.27799081802368164,0.2811333239078522,0.1516086906194687,0.014452904462814331,0.038097139447927475,0.22874116897583008,0.035072870552539825,0.027697203680872917,0.1565030813217163,0.16077862679958344,0.012663204222917557,0.006011334713548422,2.870094704121584e-06,0.0023263210896402597,0.0012458059936761856,4.247531705914298e-06,0.00022159422223921865,0.008803232572972775,0.0013772386591881514,0.0022053122520446777,0.0035296485293656588,0.00010695119271986187,0.0028786915354430676,1.1816277947218623e-05,8.293886821775232e-06,0.10059525817632675,0.037789080291986465,0.006896819453686476,0.000592288444750011,0.010050073266029358,0.002324118511751294,0.843396782875061,0.19020061194896698,0.0017408777493983507,0.0006881753215566278,0.0025400875601917505,0.0020860459189862013,0.002408231608569622,0.0020157862454652786,9.861134913080605e-07,6.437770707634627e-07
1.2522210681709112e-06,0.03137374669313431,0.04982491582632065,0.014247752726078033,0.08243153989315033,0.03480194881558418,3.536221129252226e-06,1.0552319906764751e-07,1.5791195551173587e-07,0.0837116539478302,0.12426909059286118,0.28101277351379395,0.28366270661354065,0.1440909206867218,0.013800542801618576,0.0409415140748024,0.23957234621047974,0.03453969582915306,0.027321832254529,0.16291561722755432,0.14676445722579956,0.013169893063604832,0.006538341287523508,3.1407219012180576e-06,0.0021395403891801834,0.0011048443848267198,4.267724307283061e-06,0.00019560474902391434,0.00726360734552145,0.0012334014754742384,0.002811867045238614,0.004409694578498602,0.00011285730579402298,0.0032637587282806635,1.3080059034109581e-05,9.184323062072508e-06,0.08335747569799423,0.03380735218524933,0.008650461211800575,0.00047305572661571205,0.009188204072415829,0.001780085382051766,0.8355365991592407,0.18028979003429413,0.0013898820616304874,0.00055808195611462,0.0026108277961611748,0.002113139722496271,0.0023353327997028828,0.0019473122665658593,1.0135693173651816e-06,6.335786792988074e-07
1.2269650824237033e-06,0.03378796577453613,0.05238191783428192,0.011743859387934208,0.07868962734937668,0.033648811280727386,3.783455667871749e-06,9.910265674761831e-08,1.4825232597104332e-07,0.0918586403131485,0.14119522273540497,0.25691062211990356,0.2640016973018646,0.14136072993278503,0.013980292715132236,0.041992928832769394,0.23829059302806854,0.037904076278209686,0.029674367979168892,0.17146968841552734,0.15478284657001495,0.011881156824529171,0.005556842312216759,3.2164680305868387e-06,0.0023539091926068068,0.0011086540762335062,4.15659997088369e-06,0.00018780457321554422,0.007480209693312645,0.0013858111342415214,0.0024010890629142523,0.0035154668148607016,0.00011401578376535326,0.0028332225047051907,1.3658788702741731e-05,9.244357897841837e-06,0.09160998463630676,0.033881716430187225,0.008102888241410255,0.0005845914129167795,0.00901964120566845,0.0019600556697696447,0.8200554251670837,0.17225734889507294,0.001527576008811593,0.0005708622629754245,0.0029228467028588057,0.0016422121552750468,0.00220111315138638,0.0018749956507235765,1.045023509504972e-06,5.986566407045757e-07
1.5427466451001237e-06,0.03248567879199982,0.05995213985443115,0.01153358444571495,0.07984273880720139,0.028955938294529915,4.21937966166297e-06,1.1648583608803165e-07,1.8220431741156062e-07,0.09699095785617828,0.14383111894130707,0.23469357192516327,0.24313460290431976,0.13721375167369843,0.01074452418833971,0.04752768576145172,0.28925758600234985,0.04191935434937477,0.03301478177309036,0.1747763305902481,0.15912608802318573,0.011703958734869957,0.005500197876244783,2.661585313035175e-06,0.003336253808811307,0.0015026782639324665,3.739737621799577e-06,0.00028148607816547155,0.010869412682950497,0.0015075269620865583,0.0016867242520675063,0.002631428651511669,0.00011098561662947759,0.0036059715785086155,1.1055093636969104e-05,7.793322765792254e-06,0.11277399212121964,0.03700198978185654,0.008168323896825314,0.0005325576639734209,0.013083944097161293,0.002681049285456538,0.8779603242874146,0.2008037269115448,0.0017072129994630814,0.0005821679369546473,0.002521880902349949,0.0015952589455991983,0.0023404587991535664,0.001783813233487308,8.435729910161172e-07,6.645205985478242e-07
1.5045160353110987e-06,0.041461437940597534,0.06738146394491196,0.01062865648418665,0.07105801999568939,0.027849039062857628,4.086359240318416e-06,1.1763345497683986e-07,1.76371969473621e-07,0.0912129282951355,0.1350349485874176,0.23111280798912048,0.23986828327178955,0.1440592259168625,0.010632197372615337,0.04406127333641052,0.2807638645172119,0.0408085398375988,0.03246041014790535,0.1668379306793213,0.1461324244737625,0.011727179400622845,0.005896698217839003,2.8037134143232834e-06,0.002779299160465598,0.0013243051944300532,3.7912209336354863e-06,0.00022069344413466752,0.007495649624615908,0.0013436333974823356,0.0027404660359025,0.0040357387624681,0.00010078163904836401,0.0024437562096863985,1.2456295735319145e-05,8.339746273122728e-06,0.10957014560699463,0.037321850657463074,0.006527479737997055,0.0007146410644054413,0.011161461472511292,0.002553728874772787,0.86129230260849,0.2015501856803894,0.0017150245839729905,0.0006098141893744469,0.0034047963563352823,0.001862387522123754,0.002427829662337899,0.0020390839781612158,9.533269462735916e-07,7.14295822490385e-07
1.4737764786332264e-06,0.03990377113223076,0.0665949136018753,0.010227457620203495,0.072559654712677,0.028502078726887703,4.464988251129398e-06,1.1812674927114131e-07,1.7812691055496543e-07,0.07727537304162979,0.12948067486286163,0.24129536747932434,0.2556125223636627,0.12150387465953827,0.010932087898254395,0.05299046263098717,0.2871032953262329,0.038739319890737534,0.029520029202103615,0.1543557345867157,0.15290865302085876,0.01409121137112379,0.006355471443384886,3.0252258511609398e-06,0.002587686525657773,0.0013998228823766112,3.910023224307224e-06,0.00025528352125547826,0.0084610590711236,0.0015938711585476995,0.002136195544153452,0.0031437277793884277,0.00010742831364041194,0.0024255970492959023,1.2898451132059563e-05,9.076215974346269e-06,0.11599148064851761,0.04023298621177673,0.006964484695345163,0.000763167510740459,0.011701509356498718,0.0025911738630384207,0.8479188680648804,0.1774992048740387,0.0018214095616713166,0.0006619387422688305,0.0030370703898370266,0.0016932229045778513,0.0025006618816405535,0.0020015942864120007,8.757795626479492e-07,7.148007625801256e-07
1.4942606867407449e-06,0.03472082316875458,0.06265924870967865,0.011204526759684086,0.07868129760026932,0.030320726335048676,4.2728838707262184e-06,1.2444644426068407e-07,1.7698747001304582e-07,0.07901408523321152,0.1267903745174408,0.22691015899181366,0.23508256673812866,0.12048397958278656,0.010544747114181519,0.054179489612579346,0.29474061727523804,0.042142800986766815,0.03349120914936066,0.15494172275066376,0.1615140587091446,0.01377569604665041,0.006471170578151941,3.3850549243652495e-06,0.002257595071569085,0.0010929962154477835,3.7766424156870926e-06,0.0002094193478114903,0.009465163573622704,0.0012497155694290996,0.002643867628648877,0.004144350066781044,0.00011169589561177418,0.0029633825179189444,1.2027758202748373e-05,9.151572157861665e-06,0.10930678993463516,0.03312751278281212,0.007580943405628204,0.0005575589602813125,0.008918027393519878,0.0017676363931968808,0.8484516739845276,0.19207759201526642,0.002216236898675561,0.0007665064185857773,0.003316091373562813,0.0021263679955154657,0.0033173884730786085,0.0024357535876333714,1.0125975222763373e-06,7.587557888655283e-07
1.5452558272954775e-06,0.03311903402209282,0.060560356825590134,0.012708294205367565,0.07526253908872604,0.03053842857480049,4.375730441097403e-06,1.2598414400599722e-07,2.0172700487819384e-07,0.07784850895404816,0.11140065640211105,0.2370842546224594,0.24043981730937958,0.14659906923770905,0.011042523197829723,0.042862456291913986,0.2728627026081085,0.041238583624362946,0.033408861607313156,0.1624898910522461,0.148577019572258,0.014196162112057209,0.007293005473911762,3.477077370916959e-06,0.0023163468576967716,0.0011085009900853038,3.698174623423256e-06,0.00018906460900325328,0.010452610440552235,0.0011386505793780088,0.003140397137030959,0.004904753994196653,0.00010077693877974525,0.002669223351404071,1.3192217011237517e-05,1.0548861610004678e-05,0.12881362438201904,0.03349040076136589,0.005819675512611866,0.0005609701038338244,0.010225316509604454,0.001854538917541504,0.8500952124595642,0.19004115462303162,0.002431518631055951,0.0007897617761045694,0.003906073747202754,0.002315848832949996,0.003169373143464327,0.002238650806248188,1.0352341632824391e-06,7.705831990278966e-07
1.5292001762645668e-06,0.04293425381183624,0.06717906892299652,0.008798794820904732,0.06883486360311508,0.028812864795327187,4.553394774120534e-06,1.2301104845846567e-07,1.878888156170433e-07,0.07307371497154236,0.11434204876422882,0.24311935901641846,0.2525373101234436,0.12551943957805634,0.01047977153211832,0.05158692225813866,0.29127687215805054,0.03846943750977516,0.030174342915415764,0.1535414457321167,0.14939622581005096,0.014902631752192974,0.007227636873722076,3.0161027098074555e-06,0.002327796770259738,0.001465224544517696,4.507608991843881e-06,0.00025375522091053426,0.008863354101777077,0.0015464755706489086,0.002326070796698332,0.0035192023497074842,9.932042303262278e-05,0.002346461871638894,1.3049299013800919e-05,9.078847142518498e-06,0.1140853688120842,0.039415232837200165,0.006177309434860945,0.0007221849518828094,0.012731899507343769,0.002729276893660426,0.8545964956283569,0.18364045023918152,0.0018181450432166457,0.0006736208451911807,0.003125277813524008,0.0018581467447802424,0.0024241209030151367,0.0020045158453285694,8.12439282071864e-07,7.305956160053029e-07
1.7032635923897033e-06,0.042662762105464935,0.08937513083219528,0.009900780394673347,0.06472548842430115,0.021238403394818306,5.106983735458925e-06,1.4665040737327217e-07,2.0009875356663542e-07,0.08152513206005096,0.13709701597690582,0.24973492324352264,0.25532862544059753,0.13409994542598724,0.008066797628998756,0.05276268720626831,0.3398945927619934,0.037524692714214325,0.02883850410580635,0.15421460568904877,0.18399865925312042,0.013322917744517326,0.0060052089393138885,3.4136317026423058e-06,0.0024176903534680605,0.0014093273784965277,4.188525053905323e-06,0.00028547030524350703,0.01182002853602171,0.00183338881470263,0.002047204412519932,0.0030478467233479023,0.0001097034037229605,0.0015987425576895475,1.2730395610560663e-05,9.740248970047105e-06,0.1360289752483368,0.03876359388232231,0.00610954686999321,0.0012199846096336842,0.011516802944242954,0.002247739117592573,0.8487434983253479,0.1849173605442047,0.003013333072885871,0.0010651584016159177,0.0036652912385761738,0.0018920926377177238,0.0033639995381236076,0.002532043494284153,8.521178642695304e-07,8.380721965295379e-07
1.5257651284628082e-06,0.0447385311126709,0.09884057193994522,0.007667127065360546,0.06359081715345383,0.01977485790848732,4.987344709661556e-06,1.2962357232026989e-07,1.6017797577205783e-07,0.09752673655748367,0.1581258326768875,0.25061148405075073,0.25598546862602234,0.14413142204284668,0.007945990189909935,0.04848266765475273,0.3394414484500885,0.03792545199394226,0.029009683057665825,0.1760287582874298,0.20390641689300537,0.01128634624183178,0.004911232739686966,3.229023150197463e-06,0.002626090543344617,0.0013945219106972218,3.699271474033594e-06,0.00025802021264098585,0.009522729553282261,0.0022310884669423103,0.002017202554270625,0.0028158214408904314,0.0001059506248566322,0.002087895991280675,1.4472101611318067e-05,9.515924830338918e-06,0.11932805925607681,0.04593005031347275,0.006158012896776199,0.0008705676882527769,0.011353121139109135,0.00226519163697958,0.8503823280334473,0.18597400188446045,0.002570269163697958,0.0009722146787680686,0.003545497078448534,0.0015974887646734715,0.0033830469474196434,0.002981184283271432,7.787428444316902e-07,7.187771302596957e-07
1.75276807112823e-06,0.033813536167144775,0.08288552612066269,0.013078094460070133,0.07195159047842026,0.022094691172242165,5.24068673257716e-06,1.5896814886673383e-07,1.902190973623874e-07,0.09748725593090057,0.14658291637897491,0.2315017729997635,0.23035742342472076,0.16681630909442902,0.007828685455024242,0.04265366122126579,0.33390358090400696,0.043997447937726974,0.035800203680992126,0.17185671627521515,0.21501077711582184,0.01127719134092331,0.005767581053078175,3.1527977171208477e-06,0.002842481480911374,0.0014091012999415398,3.352743988216389e-06,0.0002744486555457115,0.01204332523047924,0.0017761701019480824,0.002514176769182086,0.003480596700683236,9.596368909114972e-05,0.0016360552981495857,1.3152170140529051e-05,9.798161045182496e-06,0.15410169959068298,0.03799133375287056,0.005121625028550625,0.001136570586822927,0.012420048005878925,0.0022661953698843718,0.8747516870498657,0.21090222895145416,0.0035488465800881386,0.0010885250521823764,0.005045043770223856,0.001678474131040275,0.004562497604638338,0.0032935040071606636,8.126980901579373e-07,8.135115194818354e-07
1.8831228771887254e-06,0.04578620567917824,0.07995512336492538,0.007477876264601946,0.06775202602148056,0.024570073932409286,4.982728569302708e-06,1.4072263354591996e-07,1.8554618463895167e-07,0.08812543004751205,0.13271358609199524,0.24000516533851624,0.25076520442962646,0.10949794948101044,0.00974345300346613,0.06094437465071678,0.31502023339271545,0.03955022990703583,0.029522333294153214,0.17867833375930786,0.16087308526039124,0.012811453081667423,0.006018156185746193,3.0689852792420425e-06,0.0019257885869592428,0.0012841098941862583,4.4703056119033135e-06,0.00023587545729242265,0.00897191185504198,0.0016476577147841454,0.0028533826116472483,0.004340465646237135,9.149862307822332e-05,0.002174500608816743,1.1269415153947193e-05,7.4767335718206596e-06,0.13123789429664612,0.04777318984270096,0.004420650191605091,0.0007788946968503296,0.009911212138831615,0.002288967138156295,0.8837916254997253,0.23426467180252075,0.0032654081005603075,0.0012593757128342986,0.0039857798255980015,0.0024920222349464893,0.004211552441120148,0.003423281479626894,8.613429827164509e-07,8.93580988758913e-07
1.7729978480929276e-06,0.044545918703079224,0.0748254582285881,0.009658750146627426,0.06599406898021698,0.024344515055418015,4.251053269399563e-06,1.2745607591568842e-07,1.854423459235477e-07,0.08780815452337265,0.1246250793337822,0.22559238970279694,0.2314717024564743,0.14466719329357147,0.010331210680305958,0.043793682008981705,0.28523319959640503,0.042632073163986206,0.033743005245923996,0.16867698729038239,0.14625190198421478,0.012126217596232891,0.006415266077965498,2.7782255074271234e-06,0.0020533273927867413,0.0012831148924306035,4.626891040970804e-06,0.00020625464094337076,0.009147978387773037,0.0016277112299576402,0.002492361469194293,0.0040792012587189674,9.179410699289292e-05,0.002233850071206689,1.1947823622904252e-05,7.523152817157097e-06,0.11914215236902237,0.04951440170407295,0.004634678363800049,0.0007625983562320471,0.01088642980903387,0.002441214397549629,0.8827170729637146,0.2330535352230072,0.0025823249015957117,0.0010517750633880496,0.0030229019466787577,0.0027060452848672867,0.0032341722398996353,0.0026504036504775286,9.090769026443013e-07,7.777809400977276e-07
1.968392325579771e-06,0.05771604925394058,0.09613921493291855,0.007853774353861809,0.04961893707513809,0.0227517019957304,4.9114237299363595e-06,1.6693847726401145e-07,2.355175183765823e-07,0.07991844415664673,0.10912633687257767,0.2633042335510254,0.26567909121513367,0.1144033819437027,0.008624082431197166,0.061862263828516006,0.34054479002952576,0.03489789366722107,0.026963375508785248,0.15394677221775055,0.1461286097764969,0.014102742075920105,0.007685422897338867,2.971934463857906e-06,0.00224208808504045,0.001189802191220224,4.0902973523770925e-06,0.00018852563516702503,0.01015073899179697,0.0013712712097913027,0.0033380696550011635,0.005180143751204014,8.458159572910517e-05,0.0017097905511036515,1.108188462239923e-05,7.989972800714895e-06,0.14323264360427856,0.037827759981155396,0.004503492731601,0.0010779891163110733,0.010506234131753445,0.0020357563626021147,0.9127928614616394,0.27771487832069397,0.003334272652864456,0.0010951937874779105,0.00459482055157423,0.0024974143598228693,0.005244582425802946,0.0036826631985604763,9.267945983992831e-07,9.864238563750405e-07
1.8706846276472788e-06,0.04327487573027611,0.08097244799137115,0.008383658714592457,0.06383414566516876,0.024739855900406837,4.545715000858763e-06,1.3700277179395925e-07,1.8362652554060332e-07,0.08982418477535248,0.14496032893657684,0.23278969526290894,0.2368842363357544,0.14023613929748535,0.008161157369613647,0.049105577170848846,0.3347373604774475,0.041588809341192245,0.03262731060385704,0.17822211980819702,0.1811399906873703,0.01222715899348259,0.005573251284658909,2.8404522254277254e-06,0.0018094925908371806,0.0011800960637629032,5.251047696219757e-06,0.00021190638653934002,0.012850314378738403,0.0017342903884127736,0.0018214310985058546,0.002971336245536804,0.00010147906868951395,0.00236971746198833,1.026270092552295e-05,6.972137271077372e-06,0.14332440495491028,0.04637191444635391,0.00518652331084013,0.0008021738030947745,0.009635895490646362,0.002048976020887494,0.8891176581382751,0.23131172358989716,0.0034943558275699615,0.0012869671918451786,0.0031765007879585028,0.0023068960290402174,0.0037842923775315285,0.0027985679917037487,8.609997053099505e-07,7.848445875424659e-07
1.6347821656381711e-06,0.03522568568587303,0.07205543667078018,0.009359333664178848,0.07662416249513626,0.02676929533481598,4.280433131498285e-06,1.36471371092739e-07,1.7371856131376262e-07,0.08643735200166702,0.14386054873466492,0.21692730486392975,0.22396181523799896,0.13485556840896606,0.008900351822376251,0.05067479982972145,0.3224849998950958,0.04590189456939697,0.03634199500083923,0.175790473818779,0.1871049702167511,0.012755296193063259,0.0057800025679171085,3.119381744909333e-06,0.00187536864541471,0.001055608270689845,4.607753908203449e-06,0.0002040462859440595,0.009645961225032806,0.0012589116813614964,0.0028157734777778387,0.004406565334647894,0.00010230748011963442,0.0026215333491563797,1.0796153219416738e-05,7.748323696432635e-06,0.11914093047380447,0.03686540946364403,0.006106599699705839,0.0006272786995396018,0.008492274209856987,0.0016806841595098376,0.8722735047340393,0.2102193385362625,0.0027529082726687193,0.0009703902178443968,0.0037807149346917868,0.0024066842161118984,0.0036143423058092594,0.002650739159435034,9.630432487028884e-07,7.784606737004651e-07
1.625609570510278e-06,0.03583463653922081,0.07050810754299164,0.008308539167046547,0.07727138698101044,0.027989577502012253,4.361198989499826e-06,1.3080553173949738e-07,1.871955817023263e-07,0.08433395624160767,0.139145165681839,0.23712103068828583,0.2402326762676239,0.13841481506824493,0.010063916444778442,0.04710904136300087,0.29292669892311096,0.04108075052499771,0.0324380099773407,0.16469624638557434,0.16865190863609314,0.013049673289060593,0.005891364999115467,3.231003802284249e-06,0.0018917216220870614,0.001052117790095508,4.472274667932652e-06,0.00018262676894664764,0.009083341807126999,0.0012796883238479495,0.003359616734087467,0.005117932800203562,9.539099846733734e-05,0.00200000312179327,1.188586338685127e-05,8.470996363030281e-06,0.12844111025333405,0.03870391473174095,0.005048476625233889,0.000792252947576344,0.008953999727964401,0.0017755121225491166,0.8656991720199585,0.21264062821865082,0.0029301599133759737,0.00104623066727072,0.0043734037317335606,0.0025204182602465153,0.0034342778380960226,0.0026531291659921408,1.0244581289953203e-06,7.856900765546015e-07
1.8907890080299694e-06,0.04417881369590759,0.07934564352035522,0.007288388442248106,0.06571335345506668,0.02595297060906887,4.8365800466854125e-06,1.5042448353597138e-07,1.9677062823575397e-07,0.08876774460077286,0.14407803118228912,0.21798555552959442,0.22655008733272552,0.1259281188249588,0.008833015337586403,0.05448555573821068,0.3255653977394104,0.04458647593855858,0.03465130552649498,0.1857326477766037,0.17976818978786469,0.01240420714020729,0.005503422114998102,3.5193459098081803e-06,0.0018606880912557244,0.0010801911121234298,4.431496563483961e-06,0.00019475129374768585,0.009624029509723186,0.0011448266450315714,0.0041066985577344894,0.006421233061701059,9.435134415980428e-05,0.0024135878775268793,1.1841434570669662e-05,8.816170520731248e-06,0.13440456986427307,0.038140568882226944,0.00454393494874239,0.0005792007432319224,0.00918078888207674,0.0017157464753836393,0.8727673292160034,0.22208160161972046,0.003362958785146475,0.0011662767501547933,0.004875456914305687,0.0030737242195755243,0.003840556601062417,0.0028603451792150736,9.817285899771377e-07,9.335435038337891e-07
1.8109853954229038e-06,0.030574996024370193,0.06988565623760223,0.009738835506141186,0.08562300354242325,0.025604968890547752,5.02360990140005e-06,1.385128030051419e-07,1.8022674908024783e-07,0.09561511874198914,0.1524660885334015,0.1965089589357376,0.20940001308918,0.11144696921110153,0.010202364064753056,0.0608954131603241,0.3125746250152588,0.05158456787467003,0.03968105465173721,0.19417674839496613,0.18941348791122437,0.011811773292720318,0.005179423838853836,2.9051091132714646e-06,0.0024682343937456608,0.0014188890345394611,3.96438781535835e-06,0.0002876883081626147,0.011138875968754292,0.001638406072743237,0.0023395982570946217,0.0035619810223579407,9.420095011591911e-05,0.0028786135371774435,1.0565130651229993e-05,7.567673492303584e-06,0.12715663015842438,0.04153367877006531,0.005713704042136669,0.0006007885676808655,0.01201521698385477,0.0023456159979104996,0.8915755748748779,0.21954889595508575,0.002795626176521182,0.0009623143705539405,0.003611648688092828,0.0021013340447098017,0.0034236798528581858,0.0026913227047771215,8.073447474998829e-07,7.776682195981266e-07
2.1439830106828595e-06,0.06359419226646423,0.09971801191568375,0.005308818072080612,0.04937281832098961,0.020365815609693527,4.8304400479537435e-06,1.400907478910085e-07,2.0742488970881823e-07,0.08899421989917755,0.13625764846801758,0.21988950669765472,0.23264876008033752,0.13093069195747375,0.011017432436347008,0.049930673092603683,0.28702253103256226,0.04569980874657631,0.034959565848112106,0.19880008697509766,0.1618511974811554,0.012220756150782108,0.0059798480942845345,2.614370714582037e-06,0.002667910885065794,0.001474442658945918,3.978018412453821e-06,0.00024975300766527653,0.009130105376243591,0.0014382711378857493,0.003517288016155362,0.005451678764075041,8.222275209845975e-05,0.0022317213006317616,1.0425805157865398e-05,6.990025667619193e-06,0.12729060649871826,0.040073249489068985,0.004327329806983471,0.0007133714389055967,0.013316172175109386,0.0027288899291306734,0.9163909554481506,0.2653105556964874,0.002628844464197755,0.0009021079749800265,0.004121615085750818,0.002638767473399639,0.0035322706680744886,0.002736464375630021,7.795542842359282e-07,8.699111049281782e-07
1.758299617904413e-06,0.034630659967660904,0.07320971041917801,0.00961672980338335,0.07774264365434647,0.02666209079325199,4.438864834810374e-06,1.540266652000355e-07,1.9781147386765952e-07,0.08650839328765869,0.13445185124874115,0.19176742434501648,0.1964314728975296,0.1124592199921608,0.010775314643979073,0.06069442257285118,0.3011223375797272,0.05432749539613724,0.04546046629548073,0.16815036535263062,0.2074567973613739,0.013095074333250523,0.006208423059433699,3.530667981976876e-06,0.0025165313854813576,0.0011272464180365205,3.181661213602638e-06,0.00023539108224213123,0.008185192011296749,0.0007714866078458726,0.00654873251914978,0.010022660717368126,8.50894721224904e-05,0.0033747260458767414,1.1479974091344047e-05,9.287525244872086e-06,0.11127041280269623,0.026033837348222733,0.006100158207118511,0.00035375813604332507,0.010429917834699154,0.0017455584602430463,0.8788310289382935,0.19571861624717712,0.0020886657293885946,0.0006129452958703041,0.005614565685391426,0.003032737411558628,0.0037431989330798388,0.0023814283777028322,9.661304147812189e-07,9.326429335487774e-07
1.640773575672938e-06,0.03855989873409271,0.07408391684293747,0.009709778241813183,0.07155254483222961,0.027048826217651367,4.647117748390883e-06,1.5281578669146256e-07,1.9829936093174183e-07,0.0793226882815361,0.11929496377706528,0.19825010001659393,0.20223106443881989,0.12138950824737549,0.008114724420011044,0.057865943759679794,0.34123745560646057,0.048462897539138794,0.03986397758126259,0.16168688237667084,0.18607822060585022,0.013572909869253635,0.00684764189645648,3.7942015751468716e-06,0.0019949348643422127,0.0010318397544324398,4.056771558680339e-06,0.00018941739108413458,0.011078260838985443,0.001158724189735949,0.00317150866612792,0.00509794894605875,0.00010424036008771509,0.00246979296207428,1.309739764110418e-05,1.0842522897291929e-05,0.1229696199297905,0.0326269194483757,0.006612288765609264,0.0006132404669187963,0.009243067353963852,0.0015821673441678286,0.8513662219047546,0.19043949246406555,0.0026231096126139164,0.0008607070776633918,0.0039057231042534113,0.002608983311802149,0.003681134432554245,0.0024924834724515676,1.0230356792817474e-06,8.808152642814093e-07
1.6396458022427396e-06,0.045529093593358994,0.07779713720083237,0.006777049507945776,0.0671619176864624,0.02804384008049965,5.249394689599285e-06,1.3670702969648119e-07,2.0632933228625916e-07,0.06675785779953003,0.10380259901285172,0.20013360679149628,0.20629675686359406,0.11716018617153168,0.00920241978019476,0.058996520936489105,0.3188000023365021,0.046938348561525345,0.037961892783641815,0.14762988686561584,0.15371939539909363,0.01589515432715416,0.007878243923187256,4.207357051200233e-06,0.002130557782948017,0.0009749054443091154,3.359042466399842e-06,0.0001711759396130219,0.01019642036408186,0.0013825484784319997,0.0037975178565829992,0.005501048173755407,9.146242518909276e-05,0.001770554925315082,1.3281769497552887e-05,1.0690727322071325e-05,0.15806728601455688,0.039135973900556564,0.004145247396081686,0.000843292975332588,0.008299985900521278,0.0017147943144664168,0.8312316536903381,0.18008430302143097,0.004300872329622507,0.0013720882125198841,0.006100487895309925,0.0024370471946895123,0.0037104070652276278,0.0026806157547980547,1.0409622746010427e-06,9.047903404280078e-07
1.600929067535617e-06,0.04915153980255127,0.08833510428667068,0.007513681426644325,0.05877256020903587,0.023472841829061508,4.394318693812238e-06,1.0884006940159452e-07,1.8180509187004645e-07,0.09378436952829361,0.13533490896224976,0.2133881151676178,0.2201922982931137,0.14425355195999146,0.008684905245900154,0.046811800450086594,0.31890398263931274,0.044321753084659576,0.03572600334882736,0.17227357625961304,0.16769376397132874,0.011521744541823864,0.005690821446478367,3.6499657198874047e-06,0.0025301536079496145,0.0010758567368611693,4.093286406714469e-06,0.00020965829025954008,0.016680089756846428,0.0014913134509697556,0.0010844836942851543,0.0019248209428042173,0.00014921720139682293,0.0036258865147829056,1.1367456863808911e-05,9.937264621839859e-06,0.1363864541053772,0.037878960371017456,0.009385374374687672,0.0005656270659528673,0.008391253650188446,0.001839705160818994,0.8100006580352783,0.16494393348693848,0.0027448784094303846,0.0009348500170744956,0.002002986380830407,0.0019636203069239855,0.0026129286270588636,0.0016772450180724263,1.0423063940834254e-06,7.144361688915524e-07
1.768047241057502e-06,0.042497072368860245,0.08005718886852264,0.008719541132450104,0.06347062438726425,0.026497429236769676,5.499371582118329e-06,1.2725979559036205e-07,1.9174447629666247e-07,0.0872877687215805,0.1324690729379654,0.21150174736976624,0.2195373773574829,0.12676240503787994,0.007961140014231205,0.05615552142262459,0.34804093837738037,0.044784851372241974,0.03601151704788208,0.17692556977272034,0.19029462337493896,0.012570220977067947,0.005917822942137718,3.7008030631113797e-06,0.002461298368871212,0.0012283086543902755,3.791495828409097e-06,0.000232245511142537,0.018842443823814392,0.0015455407556146383,0.0013893168652430177,0.0023074294440448284,0.0001133885671151802,0.004031424876302481,1.1283535059192218e-05,1.0214914254902396e-05,0.1681663542985916,0.038763705641031265,0.006079803686589003,0.0004190706240478903,0.010810812003910542,0.002244825940579176,0.8482524752616882,0.17120984196662903,0.003673264989629388,0.001073692343197763,0.003021738026291132,0.0018162316409870982,0.003467187751084566,0.002173773478716612,8.348948199454753e-07,8.004540177353192e-07
1.552529283799231e-06,0.038330163806676865,0.08678939193487167,0.008779134601354599,0.06351406872272491,0.02314341627061367,5.478474577103043e-06,1.0884193812898957e-07,1.5884614867900382e-07,0.10232016444206238,0.14854860305786133,0.19741326570510864,0.20229943096637726,0.15674786269664764,0.00734678003937006,0.04613998532295227,0.3566616475582123,0.04973384365439415,0.04082780331373215,0.18270336091518402,0.21888479590415955,0.01060579065233469,0.004970883950591087,4.015876129415119e-06,0.003002783516421914,0.0011595257092267275,3.0146418339427328e-06,0.00024195469450205564,0.023107437416911125,0.002182265045121312,0.0009303807746618986,0.001483224448747933,0.00012785995204467326,0.005785801447927952,1.1917406482098158e-05,1.0278960871801246e-05,0.1761527955532074,0.049344006925821304,0.006710741203278303,0.0003063164185732603,0.009807792492210865,0.0019574288744479418,0.8119165897369385,0.1434151977300644,0.0047626737505197525,0.0014761813217774034,0.0029170771595090628,0.001480801380239427,0.0029699692968279123,0.002018478000536561,7.783611977174587e-07,6.472787390521262e-07
1.7832232970249606e-06,0.05341514199972153,0.09567060321569443,0.006349638104438782,0.0535423643887043,0.02297184057533741,5.121923550177598e-06,1.016077320059594e-07,1.9007276819138497e-07,0.08760248124599457,0.11218678951263428,0.20990699529647827,0.2132270783185959,0.15662367641925812,0.008956203237175941,0.04170665517449379,0.3080019950866699,0.044356461614370346,0.036862242966890335,0.16803288459777832,0.1492163985967636,0.012033002451062202,0.006668599788099527,3.5537266285246005e-06,0.0029386812821030617,0.0011684747878462076,3.2512466532352846e-06,0.00019527602125890553,0.0207072626799345,0.0018063681200146675,0.001025373232550919,0.001777755212970078,0.00012368518218863755,0.005827947054058313,1.1480521607154515e-05,9.472600140725262e-06,0.18264392018318176,0.0521940253674984,0.005775633733719587,0.00031820032745599747,0.009918075986206532,0.002383186249062419,0.8399293422698975,0.18876831233501434,0.004336642567068338,0.0013773002428933978,0.0025582327507436275,0.0018615004373714328,0.0032175439409911633,0.002128292340785265,8.783381986177119e-07,7.037261866571498e-07
1.7659963305050042e-06,0.053094297647476196,0.10193375498056412,0.007012748159468174,0.054197926074266434,0.021030345931649208,5.123922164784744e-06,1.1073934302885391e-07,2.0618043095055327e-07,0.09394613653421402,0.12199994176626205,0.21821609139442444,0.21963699162006378,0.1402490884065628,0.008842451497912407,0.04850747808814049,0.3191167116165161,0.04240642488002777,0.03488161787390709,0.1691327840089798,0.15986089408397675,0.011314201168715954,0.006167171057313681,3.966346866945969e-06,0.003027136903256178,0.001145208952948451,3.3201806672877865e-06,0.00020430541189853102,0.02112329937517643,0.001786747365258634,0.00101320946123451,0.001788032823242247,0.00013933826994616538,0.004170919768512249,1.2212867659400217e-05,1.0865088370337617e-05,0.1735582798719406,0.04577123746275902,0.006796893663704395,0.00047033611917868257,0.009528329595923424,0.0021051273215562105,0.8175848722457886,0.1696319878101349,0.004024242050945759,0.001292829867452383,0.0023286882787942886,0.001955216284841299,0.003056376939639449,0.0019545028917491436,9.722177765070228e-07,7.707162126280309e-07
