"{'gestureId': '1', 'fps': 27.113311432933884}"
2.116038558597211e-06,0.22277116775512695,0.26290062069892883,0.0010443059727549553,0.017775028944015503,0.009983537718653679,6.379984824889107e-06,1.0275722672759002e-07,2.945994026504195e-07,0.18164867162704468,0.08154784142971039,0.4853273034095764,0.47204673290252686,0.015178808942437172,0.10227186977863312,0.19532229006290436,0.056718241423368454,0.011667419224977493,0.011254776269197464,0.15567147731781006,0.15957991778850555,0.006324153393507004,0.007634637877345085,1.155481550085824e-05,0.000687005405779928,0.0007478960906155407,6.682021648884984e-06,0.00010437186574563384,0.01845683343708515,0.0032960090320557356,0.003227383363991976,0.004699770826846361,8.630718366475776e-05,0.004045081324875355,2.3247483113664202e-05,1.74494616658194e-05,0.24198542535305023,0.08736433833837509,0.0017068692250177264,0.0003359065449330956,0.006244578864425421,0.0014206038322299719,0.6809089779853821,0.1475469470024109,0.014960949309170246,0.007100286893546581,0.0073281279765069485,0.005031194072216749,0.004988791421055794,0.004398723598569632,1.1793229077738943e-06,1.1914187325601233e-06
1.944319819813245e-06,0.1982431262731552,0.22610008716583252,0.0013052363647148013,0.01911739818751812,0.009823805652558804,5.351836989575531e-06,8.928162742449786e-08,2.55313921115885e-07,0.19757625460624695,0.08380713313817978,0.4939785301685333,0.48023200035095215,0.017164936289191246,0.1384688913822174,0.16612710058689117,0.03972967341542244,0.01161530427634716,0.012148378416895866,0.17380480468273163,0.18520766496658325,0.005581012461334467,0.007430859375745058,9.808491995499935e-06,0.0006928645307198167,0.0007925527170300484,7.117029326764168e-06,0.00011217664723517373,0.02015642449259758,0.003833599854260683,0.002081318059936166,0.002999134361743927,9.465035691391677e-05,0.004696332383900881,2.1320032828953117e-05,1.6066453099483624e-05,0.22165149450302124,0.08062448352575302,0.0021869514603167772,0.00032339146127924323,0.006582047324627638,0.0014792700530961156,0.7006256580352783,0.143986776471138,0.011680766940116882,0.005459597799926996,0.005315249785780907,0.00366249424405396,0.004551440477371216,0.003928708378225565,1.0502008080948144e-06,8.833827109810954e-07
2.0490444967435906e-06,0.18744122982025146,0.21634916961193085,0.0013691168278455734,0.020197631791234016,0.0108882375061512,5.532443083211547e-06,1.0106402470455578e-07,2.7263769197816146e-07,0.20676372945308685,0.087965227663517,0.4769114851951599,0.46472394466400146,0.014185416512191296,0.14263491332530975,0.18727804720401764,0.04022354260087013,0.012538005597889423,0.012967516668140888,0.17269288003444672,0.18239092826843262,0.005461231805384159,0.007143924944102764,9.809698894969188e-06,0.0007954096072353423,0.0007917635375633836,6.928066795808263e-06,0.00010482189827598631,0.017320845276117325,0.003402044763788581,0.0026287068612873554,0.0037580730859190226,9.367780876345932e-05,0.0036452908534556627,2.1912159354542382e-05,1.648561010370031e-05,0.21135199069976807,0.07458321750164032,0.002208495046943426,0.0004096262564416975,0.006822617258876562,0.0014702212065458298,0.7244981527328491,0.1683206409215927,0.010436524637043476,0.0047619882971048355,0.00560469226911664,0.003786288434639573,0.0047136698849499226,0.004156358540058136,1.1494053069327492e-06,1.0025638630395406e-06
1.775043301677215e-06,0.1984102576971054,0.23242735862731934,0.0014740166952833533,0.019542595371603966,0.010174228809773922,5.127612439537188e-06,9.990050386932126e-08,2.391593056927377e-07,0.17349281907081604,0.07748078554868698,0.5335237979888916,0.52420574426651,0.02466731332242489,0.10264648497104645,0.13352614641189575,0.052017927169799805,0.009841674007475376,0.010429027490317822,0.13903506100177765,0.17231985926628113,0.006535049993544817,0.00894320197403431,9.905869774229359e-06,0.0005450932658277452,0.0006766436854377389,6.532427505590022e-06,0.00010086683323606849,0.011892481707036495,0.0036689063999801874,0.0047607324086129665,0.006453818175941706,7.206702866824344e-05,0.0038812472485005856,2.421751560177654e-05,1.5052184608066455e-05,0.22125492990016937,0.10804048925638199,0.0014465455897152424,0.0002970301720779389,0.005685920361429453,0.0011964276200160384,0.7128540873527527,0.14432555437088013,0.0155395632609725,0.008383339270949364,0.008861386217176914,0.00557410204783082,0.005826952401548624,0.005342850461602211,1.0224105153611163e-06,1.0025638630395406e-06
1.6536928342247847e-06,0.15079626441001892,0.14681746065616608,0.002717947354540229,0.0263694878667593,0.017457986250519753,5.6592566579638515e-06,1.2361174128727725e-07,2.5173517315124627e-07,0.1677006185054779,0.09989193081855774,0.5588216185569763,0.5593199133872986,0.02038891240954399,0.10763449221849442,0.1550450474023819,0.051401540637016296,0.009326736442744732,0.008923319168388844,0.13476932048797607,0.16994762420654297,0.00668072747066617,0.008019695058465004,1.165102730737999e-05,0.0005606066551990807,0.0005384893738664687,4.854417056776583e-06,7.052632281556726e-05,0.007374599575996399,0.0022585447877645493,0.018172260373830795,0.02278817445039749,5.500591578311287e-05,0.003318416653200984,2.798285822791513e-05,1.7402166122337803e-05,0.20899730920791626,0.09421637654304504,0.0008814536849968135,0.0002335396275157109,0.004768585320562124,0.0010318029671907425,0.713379442691803,0.17016719281673431,0.01921948418021202,0.009709246456623077,0.020086977630853653,0.008652600459754467,0.0075916447676718235,0.0072924429550766945,1.3480379266184173e-06,1.4657492783953785e-06
1.5222987030938384e-06,0.13961364328861237,0.1308204084634781,0.002624165266752243,0.03248728811740875,0.021169621497392654,4.615696980181383e-06,1.1369947117145784e-07,2.470545723554096e-07,0.14538004994392395,0.08715979009866714,0.5760061144828796,0.5759837627410889,0.023483075201511383,0.10518980771303177,0.13519492745399475,0.04958956688642502,0.00849554780870676,0.008246706798672676,0.10194873064756393,0.1285015046596527,0.008113844320178032,0.00978127121925354,9.127001248998567e-06,0.000561972672585398,0.0004435766313690692,4.425828592502512e-06,5.744563532061875e-05,0.00558480666950345,0.002245470881462097,0.021262628957629204,0.026460761204361916,6.518867303384468e-05,0.004017369821667671,2.5519162591081113e-05,1.3257800674182363e-05,0.1743725687265396,0.09865348041057587,0.0012093038531020284,0.0002140472934115678,0.0038043225649744272,0.0007941221701912582,0.7749054431915283,0.22607232630252838,0.01689806394279003,0.009479353204369545,0.01957980915904045,0.008659334853291512,0.010012635961174965,0.009548326954245567,1.473360498494003e-06,1.2293191957724048e-06
1.4329713167171576e-06,0.08278536051511765,0.07756385207176208,0.00624617375433445,0.047469060868024826,0.028417035937309265,4.904318757326109e-06,1.0945169748310946e-07,1.9137453932671633e-07,0.15682241320610046,0.13150878250598907,0.6033681035041809,0.5909199714660645,0.028289828449487686,0.0943550169467926,0.11755621433258057,0.053040970116853714,0.008520904928445816,0.00747489370405674,0.1089206412434578,0.14514131844043732,0.0071371509693562984,0.00735633447766304,7.619356438226532e-06,0.0005746445967815816,0.00043709459714591503,3.881049451592844e-06,5.3950749133946374e-05,0.006696399766951799,0.0032624700106680393,0.018150312826037407,0.02035379968583584,4.791320316144265e-05,0.0021245102398097515,2.148343264707364e-05,1.0607936928863637e-05,0.2309829443693161,0.1070350855588913,0.000757240632083267,0.00042836565990000963,0.003788270987570286,0.0010591379832476377,0.8149806261062622,0.24578729271888733,0.026988061144948006,0.014070980250835419,0.024048566818237305,0.006302235648036003,0.012423129752278328,0.012559270486235619,1.4622921753471019e-06,1.2067279158145539e-06
1.4074520322537865e-06,0.10865093022584915,0.10571373999118805,0.00468733673915267,0.04078749939799309,0.02321459911763668,4.507544872467406e-06,9.616724128136411e-08,1.8064076812152052e-07,0.1675889492034912,0.1321519911289215,0.58513343334198,0.5751575231552124,0.02606729418039322,0.09372756630182266,0.12493224442005157,0.055017419159412384,0.008874714374542236,0.007778821047395468,0.101058728992939,0.12449897080659866,0.006783484481275082,0.0070006754249334335,7.229780749185011e-06,0.0005657569854520261,0.00042268860852345824,4.3198219827900175e-06,5.6282890000147745e-05,0.00701071647927165,0.003772761905565858,0.010160925798118114,0.011757376603782177,6.637055776081979e-05,0.0024639139883220196,2.1356639990699477e-05,1.0332228157494683e-05,0.20649045705795288,0.10883905738592148,0.001243316917680204,0.0004818460438400507,0.0033071027137339115,0.0008418622892349958,0.8192108273506165,0.26616621017456055,0.02226872742176056,0.012458580546081066,0.01444703247398138,0.0048792921006679535,0.013536924496293068,0.013259007595479488,1.4717287513121846e-06,1.0674402801669203e-06
2.147457735190983e-06,0.16627579927444458,0.16953164339065552,0.0020028126891702414,0.026206262409687042,0.014178570359945297,4.583745067066047e-06,1.3182842906189762e-07,2.8018507691740524e-07,0.2130035012960434,0.13528980314731598,0.5486757755279541,0.5435493588447571,0.022436803206801414,0.11789175868034363,0.1446344554424286,0.0464157834649086,0.010399947874248028,0.010028335265815258,0.11956582963466644,0.17318597435951233,0.005616895388811827,0.006592207122594118,9.68597669270821e-06,0.0003902549506165087,0.0004112294118385762,5.012334895582171e-06,5.580685319728218e-05,0.007830456830561161,0.002203613054007292,0.02720746397972107,0.038393404334783554,6.38380806776695e-05,0.002675384283065796,1.894840897875838e-05,1.178761067421874e-05,0.20514090359210968,0.08655542135238647,0.0010724614840000868,0.0003298094670753926,0.003761834464967251,0.00071612314786762,0.8267834186553955,0.24968183040618896,0.027164636179804802,0.015201014466583729,0.020794305950403214,0.01643560826778412,0.014423688873648643,0.013283303938806057,1.5791074474691413e-06,1.3809773236062028e-06
1.0581580909274635e-06,0.10866165161132812,0.08300754427909851,0.004137265961617231,0.043079573661088943,0.029111070558428764,5.177038929105038e-06,9.270672052252849e-08,2.3168600193912425e-07,0.11744179576635361,0.06080436334013939,0.5098532438278198,0.508790135383606,0.020075436681509018,0.11876647174358368,0.15059220790863037,0.04502715915441513,0.010580533184111118,0.010714886710047722,0.11407940089702606,0.13218723237514496,0.009236711077392101,0.012276634573936462,1.4729300346516538e-05,0.0007814149139449,0.0005270381807349622,3.8992875488474965e-06,6.432789086829871e-05,0.007587915752083063,0.0018988784868270159,0.010161765851080418,0.012468170374631882,7.590273162350059e-05,0.005781298968940973,5.0789232773240656e-05,3.3315998734906316e-05,0.15636155009269714,0.06697414815425873,0.0020022315438836813,0.00015131552936509252,0.004880210850387812,0.0008665481000207365,0.5114727020263672,0.1092766523361206,0.007128920406103134,0.0034145163372159004,0.011625643819570541,0.0042882575653493404,0.005004402250051498,0.0043539260514080524,1.7340088334094617e-06,1.0360411124565871e-06
1.4594376125387498e-06,0.2740497887134552,0.29548564553260803,0.0008974599186331034,0.013204208575189114,0.008081374689936638,5.770406914962223e-06,1.0523758220415402e-07,2.754122192527575e-07,0.13836678862571716,0.06225195154547691,0.49040892720222473,0.4910188317298889,0.015793772414326668,0.1483764946460724,0.173549622297287,0.03724299371242523,0.00948044192045927,0.011089957319200039,0.12323054671287537,0.15315689146518707,0.006463916040956974,0.010521696880459785,1.2629233424377162e-05,0.0007372550899162889,0.0008575250976718962,8.187228559108917e-06,9.654846508055925e-05,0.011920558288693428,0.0036059031262993813,0.002625508699566126,0.0028774805832654238,0.00011262917541898787,0.003593903034925461,4.01861070713494e-05,3.17047415592242e-05,0.1888221651315689,0.05295134708285332,0.003380197798833251,0.00048767347470857203,0.007316469680517912,0.001318831113167107,0.611047625541687,0.1446150541305542,0.006786681711673737,0.0027383414562791586,0.007227239664644003,0.0017214081017300487,0.004541212227195501,0.00424666004255414,1.1727316859833081e-06,7.581373324683227e-07
1.6570080560995848e-06,0.37854763865470886,0.3980240225791931,0.0002591269148979336,0.00767942750826478,0.005159733816981316,7.961700248415582e-06,9.075802864799698e-08,2.9675825885533413e-07,0.15461339056491852,0.03954308480024338,0.43371501564979553,0.42452186346054077,0.012467741966247559,0.19073086977005005,0.19596321880817413,0.027758268639445305,0.011127857491374016,0.01450848113745451,0.18456444144248962,0.16080302000045776,0.00497833825647831,0.012237228453159332,2.032587508438155e-05,0.0004914079909212887,0.0009832653449848294,1.3600259080703836e-05,0.00010266447497997433,0.026604585349559784,0.006715510506182909,0.0011039937380701303,0.0012178899487480521,0.00011471724428702146,0.002442355966195464,5.2485793275991455e-05,5.199910810915753e-05,0.32357922196388245,0.0805879533290863,0.002097967080771923,0.0007435395382344723,0.008525220677256584,0.0020265490747988224,0.43434959650039673,0.0817716047167778,0.011523449793457985,0.00444201473146677,0.0062702796421945095,0.0014500155812129378,0.0019515715539455414,0.001957283355295658,1.0025532901636325e-06,6.537392778227513e-07
2.327981519556488e-06,0.42068585753440857,0.43182969093322754,0.00017512697377242148,0.004628206603229046,0.0036272818688303232,1.1313856703054626e-05,1.02984039074272e-07,3.4553488603705773e-07,0.1695551574230194,0.05618295818567276,0.2811817526817322,0.23695388436317444,0.009361837059259415,0.2291693538427353,0.22812393307685852,0.023912806063890457,0.027318421751260757,0.03322065249085426,0.2524976134300232,0.2347327023744583,0.004115662071853876,0.008483410812914371,3.0238730687415227e-05,0.0005524478619918227,0.001509011839516461,1.6430645700893365e-05,0.00017131374625023454,0.034484490752220154,0.007619666866958141,0.0013424219796434045,0.0015093137044459581,0.00010390265379101038,0.0023600771091878414,7.016508607193828e-05,8.124995656544343e-05,0.3948404788970947,0.10769642144441605,0.0013095010071992874,0.0005480818217620254,0.016503609716892242,0.0032071159221231937,0.3430051803588867,0.049381453543901443,0.012456126511096954,0.004771208390593529,0.0072456663474440575,0.001993590733036399,0.0007901043281890452,0.0008698470774106681,7.500870538024174e-07,7.212601076389547e-07
2.1357773221097887e-06,0.4072238802909851,0.4405294358730316,9.448360651731491e-05,0.005224986467510462,0.0038731531240046024,1.7115815353463404e-05,8.102172444068856e-08,3.348949348946917e-07,0.16948993504047394,0.06716060638427734,0.2138894498348236,0.18304237723350525,0.008642257191240788,0.21966944634914398,0.2303769737482071,0.024972181767225266,0.04070853069424629,0.044917989522218704,0.28246545791625977,0.26360759139060974,0.003998523578047752,0.00673670182004571,4.998937220079824e-05,0.0007682720897719264,0.0018674007151275873,1.3142341231286991e-05,0.0002483451971784234,0.048751745373010635,0.012834819033741951,0.0009503337205387652,0.0009648569393903017,0.00011245607311138883,0.0033946619369089603,0.00011243399058002979,0.0001402884372510016,0.44978395104408264,0.15452207624912262,0.0010109372669830918,0.0003051327366847545,0.020418681204319,0.004351692274212837,0.1751071959733963,0.021662838757038116,0.017166489735245705,0.006753201596438885,0.00726294657215476,0.0014792531728744507,0.0003649750433396548,0.000425556703703478,6.087032602408726e-07,6.779269483558892e-07
1.85713975042745e-06,0.4694157540798187,0.5247920751571655,5.094222433399409e-05,0.004194211680442095,0.0030722548253834248,1.879192132037133e-05,8.281632801754313e-08,3.30014643168397e-07,0.1313679963350296,0.05313935503363609,0.21418587863445282,0.18376924097537994,0.00934993103146553,0.160095676779747,0.23445884883403778,0.03518819063901901,0.04000277444720268,0.04178307577967644,0.2929040193557739,0.2506491541862488,0.005380728747695684,0.008285099640488625,5.795985634904355e-05,0.0007944467943161726,0.0019128158455714583,1.2761769539793022e-05,0.00026166412862949073,0.03317335620522499,0.011603775434195995,0.0011809016577899456,0.0011381745571270585,0.000127742241602391,0.0037253734190016985,0.00014328828547149897,0.00017218560969922692,0.375669002532959,0.1511666625738144,0.0011785328388214111,0.0002460235555190593,0.020225632935762405,0.004416991490870714,0.12182185053825378,0.017659347504377365,0.013250164687633514,0.0058953543193638325,0.007540397346019745,0.0014715322759002447,0.00029596363310702145,0.0003912253014277667,5.486670602294907e-07,7.202936558314832e-07
1.995699904000503e-06,0.4516531229019165,0.49170517921447754,7.605532300658524e-05,0.005317569710314274,0.0033914074301719666,1.3681917153007817e-05,8.318566102616387e-08,3.337608518449997e-07,0.15378685295581818,0.049861714243888855,0.2815769910812378,0.23688410222530365,0.008799854665994644,0.22460365295410156,0.22864913940429688,0.024019569158554077,0.027953054755926132,0.031887784600257874,0.2569466233253479,0.21069808304309845,0.004648656118661165,0.0088861845433712,4.505933975451626e-05,0.0006200156640261412,0.0014062445843592286,1.4356865904119331e-05,0.00019513643928803504,0.03178714960813522,0.008452114649116993,0.0012452127411961555,0.0013964733807370067,0.00013688369654119015,0.0030378554947674274,9.853197843767703e-05,0.00011937764793401584,0.3480708599090576,0.12078975886106491,0.0017258255975320935,0.0003627738624345511,0.01419965922832489,0.0027103519532829523,0.1869925856590271,0.03059963509440422,0.012438595294952393,0.005425270646810532,0.0063341958448290825,0.0020571346394717693,0.0004739001742564142,0.0005689510726369917,7.787294862282579e-07,7.062871532070858e-07
1.6727710772102e-06,0.3514060080051422,0.4168805181980133,0.0001507901179138571,0.009877672418951988,0.005318001378327608,7.892138455645181e-06,7.859668471610348e-08,3.635631458109856e-07,0.08639653027057648,0.017739057540893555,0.3666483759880066,0.33521541953086853,0.01095975749194622,0.21146363019943237,0.20009006559848785,0.023871157318353653,0.01546376384794712,0.0209933090955019,0.1440323442220688,0.12636837363243103,0.008329056203365326,0.026048393920063972,1.859468648035545e-05,0.00043506184010766447,0.0010009907418861985,1.4566937352356035e-05,0.00010499665950192139,0.025733789429068565,0.005355033557862043,0.00120519136544317,0.001514600357040763,0.0001063733798218891,0.004691128619015217,5.045277066528797e-05,5.271336704026908e-05,0.24474908411502838,0.07496685534715652,0.0022816609125584364,0.00032156650559045374,0.009441542439162731,0.0021640027407556772,0.42752397060394287,0.07975342124700546,0.00848054327070713,0.0036894441582262516,0.005384508986026049,0.0020559821277856827,0.001592284650541842,0.0016463632928207517,8.906763468985446e-07,5.568610959016951e-07
1.4018419278727379e-06,0.27610087394714355,0.3169664442539215,0.0007343664765357971,0.012654038146138191,0.007350720465183258,6.285141807893524e-06,7.996180073632786e-08,3.2979974662339373e-07,0.07228407263755798,0.01832098327577114,0.4307093322277069,0.4151802659034729,0.014632346108555794,0.1640736609697342,0.17326891422271729,0.031233131885528564,0.011650380678474903,0.01448838971555233,0.12648235261440277,0.0915001928806305,0.011340420693159103,0.027956737205386162,1.376826548948884e-05,0.0005935005028732121,0.0008454532944597304,1.0396554898761678e-05,7.907552208052948e-05,0.015958283096551895,0.0044498806819319725,0.0013319116551429033,0.0016133937751874328,0.00011974303924944252,0.006195267662405968,4.8034162318799645e-05,4.04334714403376e-05,0.18477854132652283,0.06497807055711746,0.0032687510829418898,0.0002929824113380164,0.007098263595253229,0.001661204150877893,0.4977419674396515,0.11359875649213791,0.00591863039880991,0.002721940167248249,0.004938086494803429,0.00170869380235672,0.0023870528675615788,0.0024542894680052996,1.1519742884047446e-06,6.04136175752501e-07
1.600649738975335e-06,0.12763850390911102,0.11617884784936905,0.0019696324598044157,0.04169715195894241,0.025010354816913605,6.4779278545756824e-06,9.356508456903612e-08,4.2445572034921497e-07,0.06030360981822014,0.019332772120833397,0.37366294860839844,0.3611958920955658,0.011322910897433758,0.1850445419549942,0.19713756442070007,0.029653869569301605,0.017533238977193832,0.01948532834649086,0.10012045502662659,0.08104542642831802,0.017009546980261803,0.03211045265197754,1.1584827916522045e-05,0.0007283491431735456,0.0007812525145709515,5.668379344569985e-06,7.749102223897353e-05,0.013245606794953346,0.0015843027504161,0.0065545146353542805,0.00966974999755621,6.74919574521482e-05,0.009698936715722084,4.430476838024333e-05,3.517773802741431e-05,0.147752046585083,0.048407334834337234,0.002703940961509943,0.0001061375078279525,0.009714117273688316,0.001419355277903378,0.6316272616386414,0.14155463874340057,0.004396302159875631,0.0018668443663045764,0.008023573085665703,0.004979462828487158,0.004739897325634956,0.0034208570141345263,1.4981219464971218e-06,9.361449997413729e-07
1.314519749939791e-06,0.15630365908145905,0.15449072420597076,0.0016980415675789118,0.02940860390663147,0.015504185110330582,5.348010745365173e-06,1.0184366061594119e-07,2.8962162446077855e-07,0.0966733917593956,0.05015577748417854,0.4783213138580322,0.4745834767818451,0.011097186245024204,0.18305276334285736,0.20223543047904968,0.03115019202232361,0.011454610154032707,0.01223235484212637,0.10095693916082382,0.13756972551345825,0.010377094149589539,0.014918074943125248,1.1269006790826097e-05,0.0006492599495686591,0.000863017572555691,7.317110430449247e-06,9.19076192076318e-05,0.007710240315645933,0.0030076196417212486,0.006060091778635979,0.007257530465722084,8.1301957834512e-05,0.006468011066317558,4.475028981687501e-05,2.7557709472603165e-05,0.13708509504795074,0.07846542447805405,0.002195316832512617,0.00016859710740391165,0.009128966368734837,0.0015327157452702522,0.6448038220405579,0.13320103287696838,0.004981241654604673,0.0026270870584994555,0.00789361447095871,0.003441611770540476,0.0035887127742171288,0.0034934296272695065,1.0429994290461764e-06,8.687263175488624e-07
1.5205474710455746e-06,0.13261397182941437,0.12202956527471542,0.002021887805312872,0.03219925984740257,0.018686240538954735,5.4212887334870175e-06,1.0833243635488543e-07,2.8309688104855013e-07,0.11737707257270813,0.05799616500735283,0.46974530816078186,0.45709773898124695,0.011515116319060326,0.1863662153482437,0.19856055080890656,0.029347918927669525,0.012998467311263084,0.01292963046580553,0.13820865750312805,0.1446085274219513,0.009214918129146099,0.012035367079079151,1.169967345049372e-05,0.0006320830434560776,0.000776387401856482,7.094503416738007e-06,8.369366696570069e-05,0.007930447347462177,0.002592097269371152,0.007706834003329277,0.009725986048579216,7.723164890194312e-05,0.004462406970560551,3.9743252273183316e-05,2.5573634047759697e-05,0.1540316641330719,0.0763939693570137,0.0016661714762449265,0.00021921517327427864,0.007756843231618404,0.001380877336487174,0.6386438608169556,0.14651325345039368,0.0065762437880039215,0.0034659092780202627,0.00898775551468134,0.004670559894293547,0.0037207824643701315,0.0036364500410854816,1.2501617447924218e-06,1.008828689919028e-06
2.120727458532201e-06,0.1487850397825241,0.12819145619869232,0.002016936894506216,0.031905755400657654,0.024539588019251823,6.625451987929409e-06,9.449427551544431e-08,4.37632138527988e-07,0.08790764957666397,0.03654596582055092,0.42891019582748413,0.4188188314437866,0.012738973833620548,0.16851700842380524,0.18969927728176117,0.03264816850423813,0.014023944735527039,0.014731341041624546,0.11187366396188736,0.1061222106218338,0.011895883828401566,0.018307166174054146,1.0739173376350664e-05,0.000594954879488796,0.0008579157874919474,7.179356998676667e-06,9.28472654777579e-05,0.01671086810529232,0.001974852057173848,0.004592034500092268,0.007317948155105114,5.854072151123546e-05,0.0058695413172245026,2.9071075914544053e-05,2.3608568881172687e-05,0.246320441365242,0.08065809309482574,0.0011880322126671672,0.00018189894035458565,0.00927763432264328,0.001954329200088978,0.6397478580474854,0.12860453128814697,0.0108674680814147,0.00510707963258028,0.008085384964942932,0.007516298908740282,0.0036682719364762306,0.002798534696921706,1.3056702528047026e-06,1.1389550991225406e-06
1.5002865438873414e-06,0.31870919466018677,0.3540739119052887,0.0004246135940775275,0.00987785030156374,0.0066779120825231075,6.812505944253644e-06,8.85025528418737e-08,3.7694209709115967e-07,0.10702085494995117,0.03605670481920242,0.4866895079612732,0.4830932319164276,0.01240799855440855,0.17789112031459808,0.1913318932056427,0.029281597584486008,0.009306042455136776,0.01089647226035595,0.14046363532543182,0.13600552082061768,0.007805009838193655,0.0155021408572793,1.568273000884801e-05,0.00066696188878268,0.0012133889831602573,1.2704974324151408e-05,0.00012654792226385325,0.01720363087952137,0.0037962354253977537,0.0011779009364545345,0.0014666107017546892,0.00012249736755620688,0.004418565426021814,5.241821418167092e-05,5.157709892955609e-05,0.23901763558387756,0.07107479125261307,0.003029179759323597,0.0003961148322559893,0.011590286158025265,0.002546303905546665,0.4336141347885132,0.07172258198261261,0.004636579193174839,0.0019613581243902445,0.003969397861510515,0.001830731169320643,0.0014945939183235168,0.0013180953683331609,1.0093724540638505e-06,6.83606401707948e-07
1.8134912806999637e-06,0.3921232521533966,0.40640494227409363,0.00017467819270677865,0.006960221566259861,0.0052399528212845325,7.444489256158704e-06,9.233190212398767e-08,3.315714707241568e-07,0.1215222179889679,0.03549131006002426,0.4085286855697632,0.3948720693588257,0.01093594916164875,0.21698154509067535,0.20686407387256622,0.0230617206543684,0.01222609356045723,0.015707600861787796,0.17592954635620117,0.14360962808132172,0.005895619746297598,0.013894842937588692,1.7793361621443182e-05,0.000387295032851398,0.0011516024824231863,2.0072973711648956e-05,0.00013021385530009866,0.022572221234440804,0.005557333119213581,0.0012781760888174176,0.0015235746977850795,0.00010968249262077734,0.00215879175812006,4.4129861635155976e-05,4.30649051850196e-05,0.27746790647506714,0.07304150611162186,0.0021987224463373423,0.0007699310081079602,0.010335247032344341,0.002300414489582181,0.46753665804862976,0.07952594757080078,0.008316179737448692,0.0035846533719450235,0.005535884294658899,0.0019650477916002274,0.0013988646678626537,0.0014239889569580555,9.014554507302819e-07,5.884705842618132e-07
2.4938844944699667e-06,0.45419931411743164,0.4825858771800995,0.00012747914297506213,0.0043317717500030994,0.003261285601183772,1.2168108696641866e-05,9.149183455292587e-08,4.491910488013673e-07,0.1467275470495224,0.04291835054755211,0.28624197840690613,0.24124039709568024,0.0070257936604321,0.27053916454315186,0.25393399596214294,0.019808746874332428,0.025911379605531693,0.03115919977426529,0.22282074391841888,0.17396923899650574,0.004872496239840984,0.01037764735519886,3.3126449125120416e-05,0.0005881593097001314,0.001751618692651391,1.8644299416337162e-05,0.0002373126189922914,0.03399350121617317,0.006854633335024118,0.0011120573617517948,0.001373669714666903,0.000123044679639861,0.0028691114857792854,7.06527498550713e-05,9.040955046657473e-05,0.37111908197402954,0.11301838606595993,0.0017228444339707494,0.00046206897241063416,0.019257696345448494,0.0036688188556581736,0.2646361291408539,0.03863667696714401,0.009781131520867348,0.004301294684410095,0.005103240720927715,0.0025163490790873766,0.0004496942274272442,0.0005090676713734865,7.65053982831887e-07,7.263855081873771e-07
1.7481273744124337e-06,0.4784865379333496,0.5092651844024658,7.202443521237001e-05,0.003428414463996887,0.0031216584611684084,1.5158958376559895e-05,7.322859119085479e-08,3.6299567796049814e-07,0.11852815002202988,0.04624325409531593,0.20614613592624664,0.180326446890831,0.008839781396090984,0.2156333178281784,0.23235765099525452,0.02540910616517067,0.04174632951617241,0.0467003732919693,0.2940230667591095,0.23993143439292908,0.005580386146903038,0.010360317304730415,4.5801629312336445e-05,0.00110975606366992,0.002313243458047509,1.552654975967016e-05,0.0003198225749656558,0.05185287445783615,0.010502992197871208,0.0004012333520222455,0.00042855070205405354,0.00016264396253973246,0.0037670941092073917,0.00010741489677457139,0.00015444761083927006,0.36330726742744446,0.09034743905067444,0.0026717609725892544,0.0003923973999917507,0.023031657561659813,0.006021055858582258,0.12410259991884232,0.016764359548687935,0.006202964577823877,0.0022446804214268923,0.003388593439012766,0.0008345803362317383,0.00019329423957969993,0.00020320076146163046,5.655542736349162e-07,5.326762675395003e-07
1.3325566214916762e-06,0.46433424949645996,0.5002949237823486,6.61812664475292e-05,0.004297018516808748,0.003505370346829295,1.5858224287512712e-05,6.865111856768635e-08,3.197736191395961e-07,0.1318262815475464,0.04488170146942139,0.2344876527786255,0.2026449590921402,0.008998554199934006,0.20974037051200867,0.2283870130777359,0.025920815765857697,0.036241065710783005,0.04003795236349106,0.30229490995407104,0.2471621334552765,0.004938329569995403,0.010345138609409332,5.67793904338032e-05,0.001057674759067595,0.002022729953750968,1.3220328582974616e-05,0.00029175839154049754,0.03875047713518143,0.009856047108769417,0.0005036379443481565,0.0004679951525758952,0.00017487384320702404,0.0037623022217303514,0.00013990850129630417,0.00020266190404072404,0.31836727261543274,0.07754550129175186,0.0030820025131106377,0.0003286672872491181,0.01975870132446289,0.004668274894356728,0.08409107476472855,0.013343876227736473,0.0062303789891302586,0.0022204529959708452,0.004711670335382223,0.0006981369806453586,0.00019294953381177038,0.0002158337301807478,5.469295274451724e-07,4.888125886282069e-07
1.6668298030708684e-06,0.5261029005050659,0.5717959403991699,4.744863690575585e-05,0.003285997314378619,0.0028129902202636003,1.4906874639564194e-05,7.499704679503338e-08,3.947841378248995e-07,0.11116744577884674,0.034380216151475906,0.2587507963180542,0.22147594392299652,0.008236074820160866,0.22737525403499603,0.24003323912620544,0.02408275194466114,0.03148781880736351,0.03600946068763733,0.25037914514541626,0.2022409439086914,0.005990957375615835,0.014241357333958149,4.508663187152706e-05,0.001004938967525959,0.0021312597673386335,1.592145963513758e-05,0.00030095133115537465,0.04500247538089752,0.007597833871841431,0.0005284222424961627,0.000552599027287215,0.00016735951066948473,0.0034935290459543467,0.00010363569163018838,0.00015869720664341003,0.3625841736793518,0.07216203212738037,0.003223325125873089,0.000432869914220646,0.02130197174847126,0.004956061486154795,0.1339026540517807,0.01976262591779232,0.006018350832164288,0.0019731938373297453,0.004337728023529053,0.0008309623226523399,0.0002635032287798822,0.00025402582832612097,5.847732040820119e-07,5.347488354345842e-07
2.4841806407494005e-06,0.4784596860408783,0.5275665521621704,8.59654028317891e-05,0.0049930536188185215,0.003426811657845974,1.1138974514324218e-05,9.297411196484973e-08,4.0706970594328595e-07,0.12329363822937012,0.036453090608119965,0.29241836071014404,0.24869365990161896,0.00814270880073309,0.2388429343700409,0.23650576174259186,0.022998426109552383,0.023367276415228844,0.02852177992463112,0.1903562694787979,0.14778126776218414,0.00581282377243042,0.012732007540762424,2.3838403649278916e-05,0.0005186821217648685,0.0013610752066597342,1.916934888868127e-05,0.00016222562408074737,0.032547999173402786,0.008227064274251461,0.00106630171649158,0.001236909069120884,0.00012630174751393497,0.003093489445745945,5.942977804807015e-05,6.294740160228685e-05,0.33144062757492065,0.10104012489318848,0.0023201105650514364,0.0005474417703226209,0.015059290453791618,0.0023089335300028324,0.42985835671424866,0.07371587306261063,0.011363118886947632,0.004942204337567091,0.0056471386924386024,0.001983103808015585,0.0010467241518199444,0.0011369776912033558,8.0090455867321e-07,6.280033630901016e-07
1.5291096815417404e-06,0.39600318670272827,0.4505094587802887,0.00011799590720329434,0.009180666878819466,0.005311981309205294,7.3948299359472e-06,8.136009910231223e-08,3.4696074635576224e-07,0.08870431780815125,0.019848233088850975,0.4185813367366791,0.4031473696231842,0.009187199175357819,0.24578741192817688,0.22540050745010376,0.019690802320837975,0.011051936075091362,0.01518429908901453,0.12427717447280884,0.10582209378480911,0.007757981773465872,0.02485058456659317,1.6833824702189304e-05,0.00040698223165236413,0.0008938905084505677,1.617696398170665e-05,8.44086825964041e-05,0.016124160960316658,0.006401655729860067,0.0017745845252647996,0.0018713002791628242,9.98261384665966e-05,0.0038312822580337524,5.032979970565066e-05,4.2130584915867075e-05,0.22940616309642792,0.08486605435609818,0.002227246994152665,0.0004178629023954272,0.008060227148234844,0.0018115927232429385,0.490372896194458,0.10874653607606888,0.009999144822359085,0.004828028380870819,0.008013101294636726,0.0019226438598707318,0.001951801823452115,0.0022338691633194685,9.691859759186627e-07,5.165568950360466e-07
1.8863546529246378e-06,0.12564407289028168,0.1471775770187378,0.0021456407848745584,0.0350327230989933,0.018709080293774605,6.6501843321020715e-06,9.257614408397785e-08,5.087386512059311e-07,0.05869351327419281,0.01665659435093403,0.3443360924720764,0.3141816556453705,0.011604590341448784,0.20994365215301514,0.19799654185771942,0.0239354707300663,0.01820024475455284,0.022995473816990852,0.10017849504947662,0.08415162563323975,0.015207161195576191,0.03694893792271614,8.842526767693926e-06,0.000727689650375396,0.0011171854566782713,9.83084555628011e-06,7.982327952049673e-05,0.023438524454832077,0.003471484174951911,0.0013770321384072304,0.0018386108567938209,8.010298915905878e-05,0.007444655057042837,3.8957110518822446e-05,3.620923962444067e-05,0.23768416047096252,0.05799371376633644,0.0025228604208678007,0.00025974653544835746,0.014197303913533688,0.0026527668815106153,0.6919249892234802,0.1683846414089203,0.005305855069309473,0.002089346991851926,0.004870568867772818,0.002124334452673793,0.0033596872817724943,0.002767425961792469,1.2343884918664116e-06,6.422250180548872e-07
1.352067897641973e-06,0.15664850175380707,0.14845097064971924,0.0018830577610060573,0.032955389469861984,0.018360450863838196,5.029558906244347e-06,9.925323496418059e-08,3.397213959033252e-07,0.08226628601551056,0.02764233574271202,0.4841371774673462,0.478674978017807,0.011357441544532776,0.1897306591272354,0.20039017498493195,0.029155628755688667,0.010814214125275612,0.012213512323796749,0.09541833400726318,0.09163115918636322,0.012301708571612835,0.024829817935824394,9.816567398956977e-06,0.0005527755129151046,0.0007158754742704332,7.607405677845236e-06,7.370596722466871e-05,0.007954602129757404,0.002423431258648634,0.007753915153443813,0.009358705952763557,6.232370651559904e-05,0.004654049873352051,3.487138019409031e-05,2.255910476378631e-05,0.1407594382762909,0.05920140817761421,0.0021838590037077665,0.0002454469504300505,0.007555886171758175,0.0012129435781389475,0.6760233044624329,0.1621025651693344,0.006130676716566086,0.0031720632687211037,0.01023160107433796,0.0041666715405881405,0.004012379329651594,0.0038920193910598755,1.2535390396806179e-06,8.703558478373452e-07
1.920073827932356e-06,0.18768727779388428,0.15779225528240204,0.00155459507368505,0.02729998342692852,0.02064230665564537,5.3318417485570535e-06,1.1512060638096955e-07,4.0591680772195105e-07,0.09744319319725037,0.045755594968795776,0.5454086065292358,0.5433446168899536,0.011344293132424355,0.19663792848587036,0.2044140249490738,0.027803098782896996,0.009155133739113808,0.009336615912616253,0.09353473037481308,0.10275670140981674,0.011829568073153496,0.017765024676918983,1.121311288443394e-05,0.0004452466091606766,0.000450886000180617,5.751880507887108e-06,5.401546513894573e-05,0.00847579725086689,0.0016745906323194504,0.018125271424651146,0.024788010865449905,6.509356899186969e-05,0.004499097354710102,2.324056731595192e-05,1.7436253983760253e-05,0.1715085655450821,0.06025893613696098,0.0014458850491791964,0.00020857580238953233,0.004082092549651861,0.0006958297453820705,0.7513092160224915,0.24853895604610443,0.020500462502241135,0.011082221753895283,0.018164250999689102,0.012227554805576801,0.011322163976728916,0.009759366512298584,1.6350659279851243e-06,1.2893933671875857e-06
2.0219708858348895e-06,0.09365108609199524,0.08732172846794128,0.0054249935783445835,0.05415060371160507,0.03369978442788124,6.007172032695962e-06,1.5513229811858764e-07,4.1797201788540406e-07,0.0740421861410141,0.05277286469936371,0.5757567286491394,0.5786429643630981,0.01020968146622181,0.19307951629161835,0.2148286998271942,0.02898542582988739,0.008008996956050396,0.007706546224653721,0.0842553898692131,0.12753383815288544,0.014339619316160679,0.018140418455004692,9.773635611054488e-06,0.0005218658479861915,0.0006337526720017195,5.735163540521171e-06,7.283037120942026e-05,0.007725922390818596,0.0019842979963868856,0.01950176991522312,0.025463037192821503,5.9051282732980326e-05,0.003459873842075467,2.319911254744511e-05,1.6288455299218185e-05,0.1883215755224228,0.07377316802740097,0.0009515737183392048,0.00026441802037879825,0.0059715090319514275,0.0011404163669794798,0.7659658193588257,0.2731283903121948,0.021918507292866707,0.01245992910116911,0.019014112651348114,0.011358490213751793,0.01026775874197483,0.00963721051812172,1.343317990176729e-06,1.6698543277016142e-06
2.2253216229728423e-06,0.12279897183179855,0.10351860523223877,0.0051879193633794785,0.04023643210530281,0.031111937016248703,5.445834176498465e-06,1.2800251170119736e-07,4.551856420675904e-07,0.09229757636785507,0.05323939397931099,0.55479496717453,0.5547993183135986,0.009646598249673843,0.19840463995933533,0.2209952026605606,0.028950313106179237,0.008538603782653809,0.008719054982066154,0.08570393174886703,0.11904875934123993,0.011831304058432579,0.01599111221730709,9.55941231950419e-06,0.000529253389686346,0.0005714754806831479,5.753169716626871e-06,6.757271330570802e-05,0.009604510851204395,0.0015404073055833578,0.01181816402822733,0.01782236061990261,6.22210354777053e-05,0.005932156927883625,1.9587658243835904e-05,1.551690002088435e-05,0.18016692996025085,0.06795945018529892,0.001204908825457096,0.00017408010899089277,0.004924973472952843,0.0010608799057081342,0.7591027021408081,0.2691274583339691,0.019753307104110718,0.011133929714560509,0.012628613039851189,0.013339097611606121,0.010502730496227741,0.008935273624956608,1.537325715617044e-06,1.5848570456000743e-06
2.0883503566437867e-06,0.18249787390232086,0.17715376615524292,0.0020468602888286114,0.02343038283288479,0.01674945279955864,5.287827661959454e-06,1.0166395014721274e-07,4.296639133372082e-07,0.13746385276317596,0.06258194893598557,0.5277708768844604,0.5142515897750854,0.008128829300403595,0.2636490762233734,0.2473098635673523,0.019447777420282364,0.009476874023675919,0.010119163431227207,0.11912461370229721,0.14556236565113068,0.007870795205235481,0.010899700224399567,1.3641645637108013e-05,0.0004522772505879402,0.0005762331420555711,8.142946171574295e-06,7.154785271268338e-05,0.01338587049394846,0.0013979584909975529,0.007224934175610542,0.01168551854789257,7.273736991919577e-05,0.005425752140581608,2.4602419216535054e-05,2.316016616532579e-05,0.18504837155342102,0.055456869304180145,0.0016605184646323323,0.00017998732801061124,0.0049310713075101376,0.0009605235536582768,0.6095439195632935,0.15778137743473053,0.014694436453282833,0.007604242768138647,0.009228804148733616,0.012142789550125599,0.005510426126420498,0.00438910536468029,1.7818275637182523e-06,1.1733849305528565e-06
1.660089196775516e-06,0.10232464224100113,0.09962062537670135,0.00294928508810699,0.03764281049370766,0.022511279210448265,5.980301011732081e-06,9.533699341091051e-08,3.7799540564265044e-07,0.08994563668966293,0.034627098590135574,0.37935665249824524,0.3520359992980957,0.009667964652180672,0.24961556494235992,0.22669725120067596,0.019357971847057343,0.017541246488690376,0.019423481076955795,0.14395011961460114,0.12205357104539871,0.010496913455426693,0.019121304154396057,1.325335142610129e-05,0.000516907311975956,0.0008102761930786073,9.672453415987547e-06,6.905917689437047e-05,0.016165761277079582,0.0028525302186608315,0.0027710541617125273,0.004027096554636955,8.34326128824614e-05,0.0063796984031796455,4.7551689931424335e-05,3.91670546378009e-05,0.19953864812850952,0.07489774376153946,0.0017743412172421813,0.0001793999836081639,0.00877273827791214,0.001643936149775982,0.5511124134063721,0.12310809642076492,0.0070031918585300446,0.003578491508960724,0.005567909684032202,0.0045734914019703865,0.002935773925855756,0.0026535845827311277,1.528860366306617e-06,7.669613637517614e-07
1.683874188529444e-06,0.19827766716480255,0.22657519578933716,0.000593797245528549,0.02016492374241352,0.009997501969337463,6.988545919739408e-06,8.348623481424511e-08,3.685088358906796e-07,0.09560166299343109,0.03262338787317276,0.3850112557411194,0.3593994975090027,0.006868815049529076,0.30134445428848267,0.2686682641506195,0.014631307683885098,0.015425015240907669,0.018531808629631996,0.1563510298728943,0.17062018811702728,0.008607672527432442,0.018368126824498177,2.2026342776371166e-05,0.0004340127925388515,0.0010020488407462835,1.5936666386551224e-05,0.00010935801401501521,0.018952423706650734,0.005704906303435564,0.0009000396821647882,0.0012783100828528404,0.00012872560182586312,0.0033421586267650127,6.0348571423674e-05,5.7892899349099025e-05,0.28083062171936035,0.12064024060964584,0.0018700858345255256,0.00044944632099941373,0.008152415044605732,0.0023823045194149017,0.2907026410102844,0.05426715314388275,0.009291230700910091,0.00537561671808362,0.0033284223172813654,0.0032629845663905144,0.0010248365579172969,0.0011065058642998338,1.2688863080256851e-06,7.180577767940122e-07
2.195429033235996e-06,0.16293059289455414,0.16013197600841522,0.0011147152399644256,0.023315202444791794,0.01599537581205368,1.0356407983636018e-05,9.376606868727322e-08,4.771706016981625e-07,0.08383835107088089,0.025829263031482697,0.3003852367401123,0.25515419244766235,0.006175781600177288,0.2971257269382477,0.2665632963180542,0.016843391582369804,0.025913426652550697,0.028404202312231064,0.17400990426540375,0.1386360377073288,0.009528307244181633,0.022547706961631775,2.638063051563222e-05,0.0006362357526086271,0.0011549448827281594,1.0514311725273728e-05,0.00011655900743789971,0.026373863220214844,0.004928639158606529,0.0013109310530126095,0.0018962303875014186,9.515733836451545e-05,0.004128694534301758,6.727663276251405e-05,7.214197830762714e-05,0.37666019797325134,0.13179971277713776,0.0009359862306155264,0.0002875191275961697,0.010893302038311958,0.002916302066296339,0.2941622734069824,0.05266299843788147,0.015351922251284122,0.007471513468772173,0.005591823719441891,0.004144811071455479,0.0010201095137745142,0.000991790322586894,1.2938709232912515e-06,9.85193196356704e-07
2.288785935888882e-06,0.29418402910232544,0.3332156240940094,0.00020629398932214826,0.010818852111697197,0.006893989164382219,9.85338101600064e-06,1.0409091544261173e-07,4.239573172526434e-07,0.13048018515110016,0.048054471611976624,0.29650893807411194,0.24900156259536743,0.006855634041130543,0.28302597999572754,0.25174209475517273,0.018546856939792633,0.02505451999604702,0.029392041265964508,0.20609678328037262,0.2067033052444458,0.005744996014982462,0.01099803764373064,2.467099875502754e-05,0.0007532630697824061,0.00145582458935678,1.2108238479413558e-05,0.0001729656069073826,0.017022721469402313,0.006113938055932522,0.002006680704653263,0.0025202827528119087,0.00010769304935820401,0.0031306990422308445,6.69774308335036e-05,6.753876368748024e-05,0.2601165771484375,0.11418765783309937,0.0017390454886481166,0.00036000373074784875,0.016268515959382057,0.0026352836284786463,0.3529200255870819,0.05608776956796646,0.008219728246331215,0.004271121229976416,0.005689650774002075,0.003655271604657173,0.0006686122505925596,0.0008455829811282456,8.899784234017716e-07,8.063321388362965e-07
2.7553646759770345e-06,0.34149691462516785,0.37898263335227966,0.00016365280316676944,0.008344798348844051,0.005848329979926348,1.2743246770696715e-05,1.0002176509260607e-07,4.356059832844039e-07,0.1262248307466507,0.04572058841586113,0.30739137530326843,0.25497230887413025,0.005229226313531399,0.31834015250205994,0.2866368591785431,0.016994230449199677,0.02550314925611019,0.027671558782458305,0.22831054031848907,0.2037041336297989,0.00620355224236846,0.011097596026957035,3.363869836903177e-05,0.0006858334527350962,0.0013570452574640512,1.1584242201934103e-05,0.00017454101180192083,0.023888908326625824,0.006707341410219669,0.0020424933172762394,0.0026238271966576576,0.00010347778879804537,0.004123619757592678,6.566570664290339e-05,7.064183591865003e-05,0.32473433017730713,0.13946470618247986,0.0010791472159326077,0.00024086966004688293,0.013295626267790794,0.0025729353073984385,0.29382258653640747,0.05459892004728317,0.01784307137131691,0.009258762933313847,0.007631778251379728,0.004664297215640545,0.0008002296090126038,0.001010415842756629,8.679876373207662e-07,9.535297067486681e-07
2.76300079349312e-06,0.29805025458335876,0.34636393189430237,0.00015402566350530833,0.010705608874559402,0.006932565476745367,1.1379062925698236e-05,1.0857342402914583e-07,4.798575901077129e-07,0.0952833816409111,0.03459540382027626,0.3101223111152649,0.2609826326370239,0.005270718596875668,0.325478196144104,0.28407323360443115,0.01536428090184927,0.024332400411367416,0.027146777138113976,0.19549784064292908,0.18290571868419647,0.008186264894902706,0.015447032637894154,2.5529483536956832e-05,0.0006301552057266235,0.00136367860250175,1.2428162335709203e-05,0.0001580238895257935,0.02034430205821991,0.006796546280384064,0.002115607960149646,0.0027824912685900927,0.000101370649645105,0.0028804426547139883,6.456726987380534e-05,6.486850907094777e-05,0.3001739978790283,0.13288834691047668,0.0012982776388525963,0.0003892933309543878,0.014698212035000324,0.0025910211261361837,0.3941030204296112,0.07278336584568024,0.01333064865320921,0.007243145722895861,0.006452680565416813,0.0047067622654139996,0.0010594436898827553,0.0013433435233309865,9.037727295435616e-07,8.993670803647547e-07
2.230907966804807e-06,0.2588064670562744,0.29310888051986694,0.0003154005389660597,0.01421806775033474,0.009440047666430473,9.993525964091532e-06,1.0384205495483911e-07,4.686804402354028e-07,0.08853860944509506,0.02513885870575905,0.2645433247089386,0.2154264897108078,0.007478652056306601,0.25179943442344666,0.2394505739212036,0.020967481657862663,0.03043438494205475,0.0347895510494709,0.16889379918575287,0.1379738450050354,0.008652878925204277,0.021501418203115463,2.5570929210516624e-05,0.0005813458119519055,0.0009545880020596087,1.1373117558832746e-05,0.00010035785817308351,0.017757229506969452,0.0038753619883209467,0.0032029342837631702,0.004083471372723579,9.172742284135893e-05,0.003687902120873332,6.501019379356876e-05,6.64210892864503e-05,0.28580036759376526,0.0961628407239914,0.0013118940405547619,0.00028303341241553426,0.01012543123215437,0.0018804899882525206,0.3521939516067505,0.07428377121686935,0.013331964612007141,0.006252720952033997,0.00980444997549057,0.004384305328130722,0.0012014741078019142,0.0013027034001424909,1.2415868013704312e-06,9.239282690032269e-07
2.290133124915883e-06,0.24056337773799896,0.2606484293937683,0.0005355916218832135,0.015120874159038067,0.00988033227622509,1.0306484909961e-05,9.048545024370469e-08,4.849471224588342e-07,0.08445101976394653,0.0260479636490345,0.3259946405887604,0.282167911529541,0.005643770564347506,0.2989124655723572,0.2731228470802307,0.01747417077422142,0.02252151258289814,0.024743078276515007,0.17161041498184204,0.12605394423007965,0.00975679699331522,0.021985815837979317,2.443884477543179e-05,0.0006254849722608924,0.0012107393704354763,1.2973606317245867e-05,0.00012042436719639227,0.026832474395632744,0.006362768821418285,0.0010215595830231905,0.001431494951248169,0.00010765946353785694,0.003294059308245778,6.233494059415534e-05,6.723327533109114e-05,0.35432615876197815,0.12620921432971954,0.001361390808597207,0.0004427109379321337,0.012157703749835491,0.0029974509961903095,0.3336026966571808,0.060341380536556244,0.012378042563796043,0.0061838701367378235,0.004278665408492088,0.0032986451406031847,0.0009158895118162036,0.0009677094640210271,1.1671829724946292e-06,9.116075716519845e-07
2.0047209545737132e-06,0.2108777016401291,0.24004070460796356,0.00045887025771662593,0.01898033730685711,0.010314174927771091,8.4881403381587e-06,8.401529782986472e-08,4.003300944077637e-07,0.08467997610569,0.02590559609234333,0.3488488793373108,0.31102901697158813,0.004855820909142494,0.34390804171562195,0.3001304864883423,0.013544821180403233,0.018859585747122765,0.022059189155697823,0.16082927584648132,0.15006597340106964,0.009799632243812084,0.021740524098277092,2.1286145056365058e-05,0.0005130738136358559,0.0011171848746016622,1.4615931831940543e-05,0.00011836158955702558,0.01999797113239765,0.006736759562045336,0.000954698130954057,0.0012625212548300624,0.00011594188981689513,0.0037007175851613283,5.527908797375858e-05,5.195578341954388e-05,0.29994553327560425,0.12513835728168488,0.0015889103524386883,0.0004117770295124501,0.009750928729772568,0.0028821800369769335,0.34058713912963867,0.06473526358604431,0.010813179425895214,0.005864749196916819,0.004180314019322395,0.0028056588489562273,0.00103278539609164,0.001201194478198886,1.0904115015364368e-06,7.456486628143466e-07
2.056624680335517e-06,0.22011737525463104,0.25245603919029236,0.0003616972826421261,0.018682856112718582,0.010008089244365692,8.476322364003863e-06,8.257814698708899e-08,4.2567674540805456e-07,0.09480922669172287,0.026413895189762115,0.3350621461868286,0.2946424186229706,0.005247068591415882,0.3262936770915985,0.2870192229747772,0.014491652138531208,0.019943280145525932,0.023733435198664665,0.15205392241477966,0.1360168755054474,0.008767303079366684,0.020976586267352104,2.0707931980723515e-05,0.0005118689150549471,0.0010749117936939,1.4282289157563355e-05,0.00011048530723201111,0.02005409263074398,0.006325831171125174,0.0011246282374486327,0.001471746596507728,0.0001125715280068107,0.003609677543863654,5.390025762608275e-05,5.071199484518729e-05,0.3133692443370819,0.1272832155227661,0.0014918212546035647,0.0004144966369494796,0.009905505925416946,0.0028140682261437178,0.363351434469223,0.07010214775800705,0.01191697921603918,0.0063604568131268024,0.004840909503400326,0.00302731990814209,0.001103090588003397,0.0012735237833112478,1.128131998484605e-06,7.474442327293218e-07
2.1779410417366307e-06,0.2516758143901825,0.2817535400390625,0.000355540425516665,0.015009762719273567,0.008715433068573475,8.895745850168169e-06,8.169177334593769e-08,4.1764886304918036e-07,0.10533837229013443,0.03588734194636345,0.3529551923274994,0.31376439332962036,0.005234979093074799,0.32139599323272705,0.2852696478366852,0.01506731379777193,0.01810753159224987,0.021486712619662285,0.15594877302646637,0.16033945977687836,0.007801691070199013,0.015807662159204483,2.120882345479913e-05,0.0005049664177931845,0.0012023168383166194,1.5728292055428028e-05,0.00012015824904665351,0.023003820329904556,0.007507056463509798,0.0008625230402685702,0.0011636955896392465,0.00010927158291451633,0.003403455251827836,5.5486128985648975e-05,5.229274756857194e-05,0.3383651673793793,0.15021151304244995,0.0012894393876194954,0.0004556272178888321,0.011387824080884457,0.003584098070859909,0.35492900013923645,0.0618094764649868,0.012289644218981266,0.006808105856180191,0.003945841919630766,0.003044207813218236,0.0009824627777561545,0.0011348050320520997,1.0384903816884616e-06,7.798911383360974e-07
2.2075660126574803e-06,0.23844927549362183,0.27104663848876953,0.00034594463068060577,0.014924431219696999,0.008522739633917809,1.0311420737707522e-05,8.186272282273421e-08,3.796525618326996e-07,0.1055830791592598,0.03165920823812485,0.3337639570236206,0.28489816188812256,0.006016015075147152,0.2983231544494629,0.26553043723106384,0.016679519787430763,0.021626457571983337,0.024434387683868408,0.18611279129981995,0.14883196353912354,0.008038832806050777,0.01727883704006672,2.432509973004926e-05,0.00047618651296943426,0.0012161827180534601,1.5337103832280263e-05,0.00012397000682540238,0.021517399698495865,0.010261238552629948,0.0009046170162037015,0.0011296608718112111,0.00010724009189289063,0.002809081459417939,6.647418194916099e-05,5.68774230487179e-05,0.3676009476184845,0.18417717516422272,0.0009761903202161193,0.0005248301313258708,0.010698672384023666,0.003630917053669691,0.31398114562034607,0.05716705322265625,0.016839781776070595,0.009934664703905582,0.004882096312940121,0.002807971788570285,0.0009802506538107991,0.001299950061365962,9.982713891076855e-07,8.02683871370391e-07
2.0740485524584074e-06,0.25650301575660706,0.29012030363082886,0.0004151964094489813,0.014328940771520138,0.007982424460351467,1.0792282409965992e-05,7.900278831129981e-08,4.133535753680917e-07,0.10262513905763626,0.0343257337808609,0.35841885209083557,0.31672370433807373,0.005398235283792019,0.29748213291168213,0.27428603172302246,0.017447585240006447,0.01885453425347805,0.021261578425765038,0.17564846575260162,0.15503844618797302,0.008124039508402348,0.01643560826778412,2.672648406587541e-05,0.0006091219838708639,0.0014473460614681244,1.4032292710908223e-05,0.0001492936280556023,0.023012327030301094,0.012090454809367657,0.0007149864686653018,0.0009157149470411241,0.00011105812882306054,0.0028307363390922546,7.637314411113039e-05,7.141111564124003e-05,0.3639468848705292,0.20894229412078857,0.001115122577175498,0.0005232109106145799,0.014489014632999897,0.004659135360270739,0.25757625699043274,0.038206540048122406,0.0118529312312603,0.007429367396980524,0.0033713981974869967,0.0027110918890684843,0.0005535104428417981,0.0007560209487564862,9.225662438439031e-07,8.710550218893331e-07
1.8712306655288558e-06,0.2749142348766327,0.30772918462753296,0.00030320719815790653,0.013387955725193024,0.007858049124479294,1.0154985830013175e-05,7.413913749587664e-08,3.9665823692303093e-07,0.10136380046606064,0.037378083914518356,0.35559356212615967,0.3184155225753784,0.005680536851286888,0.27733370661735535,0.26879575848579407,0.01921180635690689,0.01922568865120411,0.02102077193558216,0.16504062712192535,0.14913882315158844,0.008245802484452724,0.015544429421424866,2.675045107025653e-05,0.0006502000032924116,0.0014025619020685554,1.5038654055388179e-05,0.00014950818149372935,0.022749541327357292,0.009738619439303875,0.00060095643857494,0.0007970246369950473,0.00013092752487864345,0.0032882264349609613,7.958432979648933e-05,7.59889226173982e-05,0.3363872766494751,0.180252805352211,0.0016625719144940376,0.0005060172406956553,0.013579032383859158,0.00437866011634469,0.23855699598789215,0.03648989275097847,0.008231785148382187,0.0048495102673769,0.0026197535917162895,0.0023237899877130985,0.0005089008482173085,0.0006090155220590532,1.0003393526858417e-06,8.163233360392042e-07
2.2076778805057984e-06,0.24324025213718414,0.2598581612110138,0.0004060937790200114,0.015344945713877678,0.009653070010244846,1.0491153261682484e-05,8.376105142815504e-08,4.5985075303178746e-07,0.10698170214891434,0.041255541145801544,0.3335462808609009,0.29223671555519104,0.005395220126956701,0.2865598797798157,0.27832546830177307,0.019003601744771004,0.02237236313521862,0.023915158584713936,0.17855727672576904,0.16722899675369263,0.007987345568835735,0.014741732738912106,2.7130603484692983e-05,0.0006775473593734205,0.001407420844770968,1.404297654516995e-05,0.00014795524475630373,0.030455229803919792,0.006949818693101406,0.0007337250281125307,0.0010846448130905628,0.00012083454203093424,0.003952860366553068,6.864775787107646e-05,7.369268132606521e-05,0.3683396875858307,0.15712986886501312,0.0013406568905338645,0.00036981748417019844,0.01434708759188652,0.004451218992471695,0.26233166456222534,0.04003406688570976,0.009913277812302113,0.005133438855409622,0.002994110807776451,0.0032534748315811157,0.000600268947891891,0.0005947088357061148,1.0632056728354655e-06,9.81682774181536e-07
2.1731896140408935e-06,0.21828822791576385,0.23130697011947632,0.0004339960578363389,0.01708783395588398,0.010653270408511162,9.598152246326208e-06,8.08929456752594e-08,5.12477413394663e-07,0.09760142117738724,0.037208087742328644,0.32974371314048767,0.28949809074401855,0.005818240810185671,0.28536510467529297,0.26813793182373047,0.01851947233080864,0.02323463372886181,0.024670429527759552,0.17366524040699005,0.1442246437072754,0.0089245131239295,0.016809437423944473,2.222795046691317e-05,0.0007134284824132919,0.0016613573534414172,1.4774699593544938e-05,0.0001755474368110299,0.027034876868128777,0.005887484643608332,0.0007372968830168247,0.001166857429780066,0.00011599376011872664,0.0036623722407966852,6.371729250531644e-05,6.917135760886595e-05,0.33243533968925476,0.14215819537639618,0.0015929783694446087,0.0004024733498226851,0.01813119649887085,0.005578046664595604,0.2914125323295593,0.03799806162714958,0.005937477108091116,0.0031867814250290394,0.00232007447630167,0.003601434640586376,0.0004760845622513443,0.00048118262202478945,1.0394742275821045e-06,9.187320415549038e-07
2.050931016128743e-06,0.258110374212265,0.2792995274066925,0.00033331403392367065,0.01427034568041563,0.009508945047855377,1.1209979675186332e-05,7.420251790790644e-08,3.788109665947559e-07,0.10859198868274689,0.031342122703790665,0.3095122277736664,0.25996068120002747,0.004871897399425507,0.3093346953392029,0.2912035286426544,0.0173488836735487,0.024798857048153877,0.027930866926908493,0.19115552306175232,0.1603807806968689,0.0076871165074408054,0.017435604706406593,2.2493861251859926e-05,0.0009279418154619634,0.001624028431251645,1.2506955499702599e-05,0.00016671493358444422,0.02542363665997982,0.012460504658520222,0.0004656953678932041,0.0005525739979930222,0.00011664050543913618,0.0046369596384465694,6.781512638553977e-05,5.991528814774938e-05,0.337569922208786,0.17177675664424896,0.001551306340843439,0.00039965371252037585,0.015380029566586018,0.005400326568633318,0.304617315530777,0.0466342568397522,0.009653584100306034,0.005117910914123058,0.0032212422229349613,0.0015240478096529841,0.0006120466277934611,0.0007560321246273816,8.037861789489398e-07,7.314775984923472e-07
2.055023060165695e-06,0.2566603422164917,0.2805221378803253,0.00030130185768939555,0.014664716087281704,0.009213446639478207,1.01251425803639e-05,7.446808325539678e-08,4.060190121890628e-07,0.09805087000131607,0.026569509878754616,0.330473393201828,0.28495684266090393,0.004744646139442921,0.31703928112983704,0.2915334105491638,0.016648348420858383,0.022141193971037865,0.024923965334892273,0.18451210856437683,0.14183740317821503,0.008708395063877106,0.01993895135819912,2.1195375666138716e-05,0.0007322863675653934,0.0015726052224636078,1.4619012290495448e-05,0.00016638493980281055,0.02189384400844574,0.009797458536922932,0.0005684588686563075,0.0007254300871863961,0.00012448754569049925,0.004745569080114365,6.411170761566609e-05,5.7002096582436934e-05,0.29741188883781433,0.15921206772327423,0.0017636559205129743,0.0003698245564009994,0.015018629841506481,0.005095803178846836,0.31439274549484253,0.04837535694241524,0.007401410024613142,0.004207335412502289,0.0028536240570247173,0.0019447014201432467,0.0006090346723794937,0.0007719804416410625,8.266985105365166e-07,7.33961030618957e-07
