"{'gestureId': '1', 'fps': 30.003297065611605}"
1.0603441751300124e-06,0.3633161783218384,0.39869028329849243,5.5970416724449024e-05,0.011772632598876953,0.006555722560733557,6.944140295672696e-06,3.523539149341559e-08,1.529856632487281e-07,0.1142161637544632,0.05103373900055885,0.30886310338974,0.2894708812236786,0.019530581310391426,0.12049387395381927,0.1491628736257553,0.041305702179670334,0.020228061825037003,0.022030610591173172,0.16398918628692627,0.12956900894641876,0.006732816807925701,0.008136588148772717,1.2864275959145743e-05,0.0008978943806141615,0.0025377944111824036,2.4967115678009577e-05,0.0005358244525268674,0.013037058524787426,0.01660265028476715,6.231817678781226e-05,6.980583566473797e-05,0.00034184762625955045,0.006243608426302671,4.3424930481705815e-05,2.912018862843979e-05,0.1406155675649643,0.1205856055021286,0.014677255414426327,0.000693469017278403,0.013045785017311573,0.007187959738075733,0.2248406708240509,0.02388952672481537,0.0012989597162231803,0.0009267441346310079,0.0006589464610442519,0.00035736733116209507,0.00015936684212647378,0.00025651295436546206,4.534663844424358e-07,2.1548707707097492e-07
1.2963188282810734e-06,0.3710629642009735,0.39273637533187866,6.455667607951909e-05,0.010690697468817234,0.006935756653547287,6.860399025754305e-06,4.2042824333066164e-08,1.8813032909292815e-07,0.1186077818274498,0.053273942321538925,0.30637651681900024,0.2859095335006714,0.017664937302470207,0.1277030110359192,0.15785907208919525,0.039434611797332764,0.0207156203687191,0.02235882543027401,0.18053950369358063,0.13385015726089478,0.0063730147667229176,0.008132770657539368,1.0617147381708492e-05,0.0008759695338085294,0.0030186844523996115,2.951501119241584e-05,0.0005694677820429206,0.016213661059737206,0.01341867633163929,6.284699338721111e-05,7.952045416459441e-05,0.0003157826722599566,0.005853941198438406,3.7704634451074526e-05,2.85964306385722e-05,0.14535194635391235,0.10367152839899063,0.015935005620121956,0.0007966289995238185,0.019328847527503967,0.009518520906567574,0.3080230951309204,0.028443029150366783,0.0008801067597232759,0.0005823007668368518,0.0004856314626522362,0.0004112368624191731,0.00016852062253747135,0.00023729361419100314,4.5395270831249945e-07,2.436241004488693e-07
1.1720361499101273e-06,0.3630981743335724,0.3931097090244293,5.8176428865408525e-05,0.01072510052472353,0.006661174353212118,7.493922566936817e-06,3.9776431037807924e-08,1.7056223100553325e-07,0.1269920915365219,0.06039430573582649,0.314142107963562,0.29595381021499634,0.020737256854772568,0.1122870147228241,0.14464683830738068,0.04479680955410004,0.020522763952612877,0.021528175100684166,0.1880066841840744,0.1407759189605713,0.005939337890595198,0.0073304735124111176,1.302217242482584e-05,0.0009596965974196792,0.002811405574902892,2.491590566933155e-05,0.0005572173977270722,0.01623145304620266,0.014441296458244324,6.916667189216241e-05,7.959889626363292e-05,0.0003166200767736882,0.005826955195516348,4.26031656388659e-05,3.287637446192093e-05,0.16680139303207397,0.10892663151025772,0.012686464004218578,0.0007074939785525203,0.016299359500408173,0.008675629273056984,0.24684999883174896,0.024185363203287125,0.0012682779924944043,0.0007868996472097933,0.0006696130731143057,0.0003560560289770365,0.00016608423902653158,0.00024073809618130326,4.5256862790665764e-07,2.4598321601843054e-07
1.2243106084497413e-06,0.3656668961048126,0.39086779952049255,6.778007809771225e-05,0.009884199127554893,0.006736918352544308,7.319657925108913e-06,3.8124351675605794e-08,1.878647992725746e-07,0.12767383456230164,0.05445852503180504,0.31380003690719604,0.2922942340373993,0.022040558978915215,0.11236996948719025,0.13694928586483002,0.042802389711141586,0.020086508244276047,0.021844226866960526,0.18343712389469147,0.1314607858657837,0.005832355935126543,0.007943459786474705,1.2733151379507035e-05,0.0009753904305398464,0.002821084577590227,2.4157194275176153e-05,0.0005578394047915936,0.02201954647898674,0.01521738525480032,5.2198585763107985e-05,6.454098911490291e-05,0.00031298177782446146,0.006288240198045969,3.889582148985937e-05,3.1409224902745336e-05,0.18665631115436554,0.11286991834640503,0.011680749244987965,0.0006726826541125774,0.016792038455605507,0.009137156419456005,0.25276634097099304,0.023062434047460556,0.0014681210741400719,0.0009031723020598292,0.0005953488871455193,0.0003840939898509532,0.0001681158901192248,0.00021957287390250713,4.4993961978434527e-07,2.3403485727158113e-07
1.2996810028198524e-06,0.3647298514842987,0.3838527798652649,7.743015885353088e-05,0.009863737970590591,0.0068253641948103905,6.9754883043060545e-06,3.803755532771902e-08,2.079561056689272e-07,0.12416847050189972,0.060386378318071365,0.29615598917007446,0.27145761251449585,0.018428025767207146,0.12785162031650543,0.1537957638502121,0.03866780176758766,0.022402798756957054,0.024176519364118576,0.16387313604354858,0.13134974241256714,0.005881046410650015,0.007595880888402462,1.1276747500232887e-05,0.0009977397276088595,0.003012595232576132,2.5078796170419082e-05,0.0005481424159370363,0.02497616969048977,0.010666646994650364,5.702362977899611e-05,7.551036833319813e-05,0.00029807526152580976,0.008237185887992382,3.452355304034427e-05,3.052795727853663e-05,0.1843343824148178,0.09046734124422073,0.012763394974172115,0.0005118425469845533,0.020619962364435196,0.011449923738837242,0.2919312119483948,0.02504861354827881,0.0010692802025005221,0.0005743502406403422,0.0005669970414601266,0.00040377365075983107,0.00016390297969337553,0.00018723617540672421,4.6365855155272584e-07,2.3514989777595474e-07
1.3193701988711837e-06,0.37056025862693787,0.38910096883773804,6.522137846332043e-05,0.010021270252764225,0.006822871509939432,7.147358701331541e-06,4.4033114932062745e-08,2.0571336278862873e-07,0.11455375701189041,0.04822743684053421,0.3083580434322357,0.2864827513694763,0.021556250751018524,0.11381321400403976,0.13945314288139343,0.04365034028887749,0.02048947475850582,0.022589921951293945,0.18183130025863647,0.12899263203144073,0.006523176096379757,0.00905661191791296,1.1403602911741473e-05,0.000986220664344728,0.002892750781029463,2.4220933482865803e-05,0.0005350532592274249,0.018018251284956932,0.010806683450937271,8.783958764979616e-05,0.00011054928472731262,0.00028833746910095215,0.007686433382332325,3.900361843989231e-05,3.122563794022426e-05,0.16144414246082306,0.09703831374645233,0.012565333396196365,0.0004995393101125956,0.019030993804335594,0.008772284723818302,0.31094232201576233,0.02928743325173855,0.0010886364616453648,0.0006311264587566257,0.000686140323523432,0.0004574317135848105,0.00019418797455728054,0.00024750293232500553,4.5973368401064363e-07,2.609008333820384e-07
1.1888830613315804e-06,0.3725229501724243,0.4013170897960663,5.940689516137354e-05,0.00998910516500473,0.0064584482461214066,7.546650067524752e-06,3.393133596318876e-08,1.8025545500677254e-07,0.14497524499893188,0.06186444312334061,0.3018459379673004,0.27766790986061096,0.019969860091805458,0.11889282613992691,0.1484788954257965,0.04157781973481178,0.022412806749343872,0.023449964821338654,0.18640924990177155,0.13031704723834991,0.005360409617424011,0.006949805188924074,1.3404921446635853e-05,0.0010253379587084055,0.0028221511747688055,2.5005716452142224e-05,0.0005501791019923985,0.025019677355885506,0.0158176701515913,3.967978045693599e-05,5.037171285948716e-05,0.0003420168359298259,0.006823928561061621,4.1637031245045364e-05,3.3848958992166445e-05,0.18813364207744598,0.11338017880916595,0.013468143530189991,0.0006696609198115766,0.01663794554769993,0.009692764841020107,0.22985585033893585,0.02163749188184738,0.0013414877466857433,0.0008331056451424956,0.0004861974739469588,0.0003547363739926368,0.000152253414853476,0.00019722619617823511,4.708977030531969e-07,2.208999347885765e-07
1.1885599633387756e-06,0.3444119691848755,0.3814356327056885,6.989062967477366e-05,0.011497577652335167,0.006906683556735516,6.828826371929608e-06,3.482070454197128e-08,1.743118502872676e-07,0.12330672889947891,0.05807651951909065,0.3147225081920624,0.2939029633998871,0.019938038662075996,0.11868774890899658,0.14727723598480225,0.04165346175432205,0.020447656512260437,0.021397892385721207,0.17712382972240448,0.12218305468559265,0.00642359396442771,0.0074742641299963,1.0765546903712675e-05,0.0009675914770923555,0.0029040954541414976,2.8404003387549892e-05,0.0005657737492583692,0.020496591925621033,0.015030426904559135,3.8481750380015e-05,4.793509651790373e-05,0.00034757255343720317,0.006513550877571106,3.3572770917089656e-05,2.5598914362490177e-05,0.15797607600688934,0.09600101411342621,0.016975782811641693,0.0008297892054542899,0.01631034165620804,0.01067767757922411,0.26757827401161194,0.025626497343182564,0.0010081178043037653,0.0006280767265707254,0.0004521917144302279,0.0003006570623256266,0.00015543599147349596,0.0002088628098135814,4.767457539855968e-07,2.1134415817414265e-07
1.1447843917267164e-06,0.3537706732749939,0.4126119911670685,6.175781891215593e-05,0.013807605020701885,0.005980083253234625,4.88099840367795e-06,4.057611491248281e-08,1.9258490624451952e-07,0.07183489203453064,0.028282014653086662,0.29147785902023315,0.26140114665031433,0.0294980239123106,0.08924629539251328,0.11024222522974014,0.05300633981823921,0.02112470380961895,0.025584755465388298,0.10280053317546844,0.0864252969622612,0.010563808493316174,0.014794467017054558,8.914649697544519e-06,0.0006728086154907942,0.0019150165608152747,2.7922136723645963e-05,0.0003367082972545177,0.007551392540335655,0.008222231641411781,0.00020171994401607662,0.0002540011191740632,0.00026312991394661367,0.008073554374277592,3.7619298382196575e-05,2.4357899746974e-05,0.09398545324802399,0.10175701975822449,0.015902971848845482,0.00043409367208369076,0.011892340146005154,0.004229274112731218,0.373382031917572,0.041690513491630554,0.0008487165905535221,0.0006634175078943372,0.0007496668258681893,0.0007256734534166753,0.0002486361190676689,0.0004055917961522937,5.892129024687165e-07,2.3694674666785431e-07
1.0051141998701496e-06,0.3754475712776184,0.4276072084903717,7.927900151116773e-05,0.013095024041831493,0.005790520925074816,5.763834451499861e-06,4.000888154109816e-08,2.4218093130912166e-07,0.06691217422485352,0.020385002717375755,0.34435075521469116,0.3314918875694275,0.027528954669833183,0.09324135631322861,0.11360020190477371,0.050704892724752426,0.014396890066564083,0.018801305443048477,0.08178915828466415,0.056755613535642624,0.010481665842235088,0.021464353427290916,1.0394988748885226e-05,0.0009993418352678418,0.001975573832169175,1.6826777937239967e-05,0.00032954770722426474,0.00826001726090908,0.008733201771974564,0.00027914863312616944,0.00029302624170668423,0.00023789415718056262,0.010042333975434303,4.299998181522824e-05,2.9006580007262528e-05,0.1337517946958542,0.10563291609287262,0.011074631474912167,0.0003132113197352737,0.013773881830275059,0.005088715348392725,0.3224380910396576,0.035698071122169495,0.00131310208234936,0.000831290555652231,0.0015002305153757334,0.0005236416473053396,0.0002459674724377692,0.0003603487857617438,5.770323809883848e-07,2.5759231903066393e-07
1.0517713917579385e-06,0.2747220993041992,0.2999965250492096,0.00023520040849689394,0.017824850976467133,0.010649667121469975,4.101734248251887e-06,5.224934085390487e-08,3.0549756502296077e-07,0.05901677906513214,0.030218275263905525,0.4068679213523865,0.4002979099750519,0.02519429475069046,0.10291626304388046,0.11824574321508408,0.04520826414227486,0.011124356649816036,0.013948611915111542,0.06708911061286926,0.06644874066114426,0.012734933756291866,0.01737949252128601,8.139320925693028e-06,0.0008747527026571333,0.0015293954638764262,1.602746306161862e-05,0.0001990287855733186,0.006638228893280029,0.002978420816361904,0.000733488064724952,0.0009508210350759327,0.00022327752958517522,0.010965652763843536,3.2697440474294126e-05,2.5170971639454365e-05,0.0829789862036705,0.0487886406481266,0.013900934718549252,0.00023630853684153408,0.011986597441136837,0.003993592690676451,0.4413835406303406,0.06152096763253212,0.0006990840192884207,0.0003953742852900177,0.0015186043456196785,0.0010006703669205308,0.0004674654919654131,0.0005614177789539099,8.893013614397205e-07,3.4995053965758416e-07
1.0580007483440568e-06,0.2948078513145447,0.31371113657951355,0.00024973516701720655,0.014906229451298714,0.010088792070746422,3.6833280319115147e-06,5.541772551964641e-08,3.225965201636427e-07,0.0563674233853817,0.029032712802290916,0.4326147735118866,0.4216594696044922,0.021090639755129814,0.12118130922317505,0.1369398832321167,0.040627866983413696,0.011273832060396671,0.01273706741631031,0.0701553001999855,0.05679536238312721,0.01496068388223648,0.019671568647027016,6.265428510232596e-06,0.0007229317561723292,0.0017817409243434668,2.7154521376360208e-05,0.00019657661323435605,0.006188522558659315,0.002565270522609353,0.0005808064597658813,0.0008216590504162014,0.00023082603001967072,0.00979503896087408,3.219565769541077e-05,2.5405546693946235e-05,0.05998394265770912,0.03535565361380577,0.024940025061368942,0.0003297783841844648,0.01640688069164753,0.0046433331444859505,0.5551367998123169,0.0732431411743164,0.0002883050183299929,0.00016574251640122384,0.0007931994623504579,0.0009245678666047752,0.00045856961514800787,0.0005039104726165533,9.040399504556262e-07,3.1456269766749756e-07
1.0917372037511086e-06,0.18240486085414886,0.20479848980903625,0.0004224215226713568,0.03533771634101868,0.017519058659672737,3.132104438918759e-06,5.1292232683408656e-08,3.478785117749794e-07,0.045768316835165024,0.025872526690363884,0.4359634518623352,0.43080446124076843,0.024434173479676247,0.10073395818471909,0.12572845816612244,0.04964621365070343,0.010727498680353165,0.012788086198270321,0.04227568209171295,0.05180332809686661,0.019417256116867065,0.024083610624074936,5.120424248161726e-06,0.0005852082394994795,0.0013697912218049169,2.617828249640297e-05,0.00016436779696960002,0.00812980905175209,0.00222534267231822,0.00043588338303379714,0.0006739339441992342,0.0002636283461470157,0.0164115522056818,2.1735051632276736e-05,1.682778929534834e-05,0.0666389986872673,0.035525623708963394,0.02594659850001335,0.00024910378851927817,0.010571975260972977,0.003672596300020814,0.6154868602752686,0.10378257930278778,0.000477037625387311,0.00027954255347140133,0.0007563027902506292,0.0010550678707659245,0.0009269406436942518,0.0008715657750144601,1.0309620392945362e-06,3.182703665061126e-07
8.428235673818563e-07,0.0958130732178688,0.10452987253665924,0.0015301629900932312,0.06396371126174927,0.028324967250227928,3.6600777093553916e-06,6.310555988875421e-08,3.140878561680438e-07,0.036084722727537155,0.019467558711767197,0.4223667085170746,0.40376052260398865,0.03132282570004463,0.0854739174246788,0.10211248695850372,0.05535703897476196,0.01340659148991108,0.014299264177680016,0.04508378356695175,0.042113047093153,0.026014506816864014,0.03218843787908554,7.4207073339493945e-06,0.0005437253275886178,0.0009277844219468534,1.3456384294840973e-05,8.138348493957892e-05,0.003525958862155676,0.0017437123460695148,0.0037727223243564367,0.00486171618103981,0.00014696620928589255,0.019562948495149612,5.3146392019698396e-05,3.027964885404799e-05,0.05808060243725777,0.05568365752696991,0.0096290810033679,8.378309576073661e-05,0.009853837080299854,0.0019934410229325294,0.5691909790039062,0.1121002733707428,0.0006990760448388755,0.0004737282870337367,0.0026984827127307653,0.0021994442213326693,0.0014067341107875109,0.0016745763132348657,1.3482180065693683e-06,4.420688810569118e-07
7.669650585739873e-07,0.0814015120267868,0.10770220309495926,0.003203707281500101,0.06172527000308037,0.023739248514175415,2.9425111733871745e-06,5.263373026309637e-08,2.793603641748632e-07,0.043349578976631165,0.020584050565958023,0.4645412564277649,0.4452113211154938,0.03969620540738106,0.07053834199905396,0.08873651176691055,0.06487160176038742,0.010954177938401699,0.01252762507647276,0.03418213874101639,0.03828958421945572,0.021490570157766342,0.03227004036307335,6.312317054835148e-06,0.0006408698973245919,0.0007960746879689395,1.1339781849528663e-05,8.078231621766463e-05,0.005783678498119116,0.0021893929224461317,0.0015223323134705424,0.0020091207697987556,0.00016575073823332787,0.019574010744690895,3.1079325708560646e-05,1.809251079976093e-05,0.07947839796543121,0.054394256323575974,0.009741898626089096,0.00012143832282163203,0.006265654694288969,0.0020187764894217253,0.5707135200500488,0.1220935806632042,0.0013246111338958144,0.0008051935001276433,0.002359825884923339,0.0014775799354538321,0.0015811229823157191,0.0016911205602809787,1.3732104662267375e-06,3.841647924218705e-07
7.19842489615985e-07,0.08041730523109436,0.09981724619865417,0.003337043570354581,0.06785500794649124,0.027950499206781387,3.1114163903112058e-06,5.853635443031635e-08,2.0767785713360354e-07,0.04766445979475975,0.032175399363040924,0.4575599730014801,0.44160592555999756,0.040206409990787506,0.06943298131227493,0.09141195565462112,0.06803546845912933,0.011744147166609764,0.01217803917825222,0.045733653008937836,0.04721064120531082,0.01977529004216194,0.022864729166030884,7.072334028634941e-06,0.0004592102486640215,0.0006961736362427473,1.4981281310610939e-05,7.510641444241628e-05,0.003836316056549549,0.0024364995770156384,0.0014085310976952314,0.0017256176797673106,0.00019555776088964194,0.007963660173118114,3.487424328341149e-05,2.1508361896849237e-05,0.071369469165802,0.05013777315616608,0.011986354365944862,0.00032332088449038565,0.004640381317585707,0.0012544780038297176,0.544670581817627,0.1268778294324875,0.0013741401489824057,0.0009187624673359096,0.002043290762230754,0.0012880199356004596,0.0022946943063288927,0.0027276650071144104,1.5443778238477535e-06,3.725015460531722e-07
7.476830887753749e-07,0.06999145448207855,0.09380722790956497,0.0023030193988233805,0.07766211777925491,0.030261218547821045,3.2275700050377054e-06,5.969884142587034e-08,2.2652695008673618e-07,0.06088181585073471,0.04655573144555092,0.5005889534950256,0.48769980669021606,0.03987664356827736,0.06870108097791672,0.09157607704401016,0.06715454906225204,0.009522090665996075,0.009761081077158451,0.05272597447037697,0.06359889358282089,0.015221994370222092,0.016121266409754753,7.714980711170938e-06,0.00044073103344999254,0.0007455514278262854,1.7190359358210117e-05,7.762193854432553e-05,0.006024674978107214,0.0028127627447247505,0.0008333307923749089,0.0011507350718602538,0.00022356296540237963,0.007107275538146496,3.577969619072974e-05,2.576243605290074e-05,0.09119556844234467,0.05867976322770119,0.01188788004219532,0.0003920532180927694,0.005317865405231714,0.0014760083286091685,0.5175487995147705,0.10707592964172363,0.0013437664601951838,0.0009038596763275564,0.001332120387814939,0.0014372310834005475,0.0018986280774697661,0.002095332369208336,1.624086280571646e-06,3.855503223348933e-07
7.619696020810807e-07,0.06736534833908081,0.09741377830505371,0.00250094011425972,0.07994009554386139,0.024350296705961227,2.94071855932998e-06,4.883801807409327e-08,2.461930250774458e-07,0.04382726177573204,0.025019260123372078,0.44517627358436584,0.41959407925605774,0.04905427247285843,0.058198507875204086,0.07677872478961945,0.07623216509819031,0.012385446578264236,0.013499489054083824,0.04309150576591492,0.045102301985025406,0.021439392119646072,0.02741359919309616,7.553605883003911e-06,0.00037591237924061716,0.0007337844581343234,1.7848951756604947e-05,8.127265755319968e-05,0.007671071216464043,0.002385272877290845,0.0007922174991108477,0.0012787836603820324,0.000215895488508977,0.017739763483405113,3.219952486688271e-05,2.0757122911163606e-05,0.07519152015447617,0.06245090067386627,0.010931165888905525,0.00014047436707187444,0.004962052218616009,0.0017635737312957644,0.46892598271369934,0.09701502323150635,0.0014352876460179687,0.00106622907333076,0.0011609636712819338,0.0020243425387889147,0.0017130393534898758,0.0016989723080769181,1.4762508726562373e-06,3.6781923995476973e-07
7.693635097894003e-07,0.07590509206056595,0.07875021547079086,0.0024650241248309612,0.062662273645401,0.03181871399283409,3.590518417695421e-06,7.610721297623968e-08,2.583111324838683e-07,0.06641805917024612,0.03935413435101509,0.4252474009990692,0.4142054319381714,0.04332086443901062,0.06565923243761063,0.08542951941490173,0.07021074742078781,0.012509695254266262,0.014351719990372658,0.07298538833856583,0.08229013532400131,0.01332122553139925,0.0180154200643301,7.05823140378925e-06,0.0006902490858919919,0.0012178202159702778,1.495781270932639e-05,0.0001048432823154144,0.004674199037253857,0.0021865786984562874,0.0017767653334885836,0.0021662558428943157,0.00015405284648295492,0.009212490171194077,5.1621143938973546e-05,3.460853986325674e-05,0.07961578667163849,0.04986468330025673,0.010183673352003098,0.0002187399659305811,0.013003747910261154,0.0029815330635756254,0.536411464214325,0.08135482668876648,0.0005181437009014189,0.00028323291917331517,0.001916731707751751,0.001121259294450283,0.0008521240670233965,0.0009618697222322226,1.2078874078724766e-06,4.323879920775653e-07
8.886417504072597e-07,0.19366317987442017,0.21839208900928497,0.0004919365746900439,0.03286268189549446,0.014894234016537666,2.650773922141525e-06,5.048989493161571e-08,2.6342522119193745e-07,0.052844684571027756,0.03632643073797226,0.44324856996536255,0.4387378692626953,0.033759988844394684,0.0789080485701561,0.09966575354337692,0.05832987278699875,0.009647044353187084,0.012184200808405876,0.05045374110341072,0.07154472172260284,0.015347575768828392,0.017648935317993164,5.361353942134883e-06,0.0007095875917002559,0.0014776629395782948,2.8463331545935944e-05,0.00019335268007125705,0.0058729699812829494,0.0026775773148983717,0.0002600815496407449,0.00040063823689706624,0.00036614612326957285,0.012997952289879322,2.4166203729691915e-05,1.674365375947673e-05,0.043928906321525574,0.034222133457660675,0.04294700548052788,0.00036208092933520675,0.00964993517845869,0.0042067780159413815,0.47391387820243835,0.07344706356525421,0.0002751450228970498,0.00019156443886458874,0.0004482342046685517,0.0007702832226641476,0.0005275681614875793,0.0005559622659347951,1.045910948960227e-06,2.847917528470134e-07
1.3513331396097783e-06,0.2244122475385666,0.24408023059368134,0.000254307669820264,0.021485790610313416,0.012430925853550434,4.831471869692905e-06,6.449248957096643e-08,3.416988931803644e-07,0.05345204100012779,0.03447313234210014,0.35262373089790344,0.34040388464927673,0.018547259271144867,0.14105525612831116,0.14526411890983582,0.03360241279006004,0.014663820154964924,0.018109755590558052,0.08136671781539917,0.0890190452337265,0.013800160028040409,0.016660302877426147,7.93500294093974e-06,0.001015661284327507,0.0023280042223632336,2.209986087109428e-05,0.0003100962785538286,0.008040307089686394,0.002560422522947192,0.00037222140235826373,0.0005339757772162557,0.00030335437622852623,0.009740840643644333,3.700593879329972e-05,3.150353950331919e-05,0.08554914593696594,0.039424099028110504,0.01905096136033535,0.00033254973823204637,0.017710773274302483,0.0057037160731852055,0.45059719681739807,0.06731423735618591,0.00046026991913095117,0.00024203359498642385,0.000877171871252358,0.0008296836167573929,0.0004988917498849332,0.0005011996836401522,8.58354837873776e-07,3.457352875102515e-07
1.3718622540181968e-06,0.2838194668292999,0.3134642243385315,0.00010050132550531998,0.017376655712723732,0.009055598638951778,5.246547061688034e-06,6.109661399023025e-08,2.830952610111126e-07,0.039841923862695694,0.031039830297231674,0.33659985661506653,0.3209860026836395,0.01985076628625393,0.13176189363002777,0.13865692913532257,0.03639554604887962,0.016100652515888214,0.01925176940858364,0.07466291636228561,0.09455666691064835,0.016199655830860138,0.018239274621009827,7.276367341546575e-06,0.0009293243056163192,0.0028126786928623915,2.551716534071602e-05,0.00042762086377479136,0.0068543353118002415,0.003260011551901698,0.00041717736166901886,0.0005545676685869694,0.0002551825309637934,0.007897759787738323,3.085894786636345e-05,2.310532181581948e-05,0.07389368861913681,0.0381927564740181,0.01699434034526348,0.00040624578832648695,0.01915311999619007,0.00806611031293869,0.44890037178993225,0.06841708719730377,0.0004586800641845912,0.00025192336761392653,0.0010967164998874068,0.0007414791034534574,0.000413882895372808,0.00047476915642619133,6.319119734143896e-07,3.076869745655131e-07
1.1567168485271395e-06,0.2755279242992401,0.3137793242931366,0.00016485956439282745,0.015330643393099308,0.0073853787034749985,7.47666217648657e-06,4.4301426527226795e-08,2.53120106208371e-07,0.05291031673550606,0.026126498356461525,0.20259402692317963,0.17034584283828735,0.022749269381165504,0.12226899713277817,0.12716765701770782,0.03715073689818382,0.037905819714069366,0.044985491782426834,0.12499479204416275,0.12259550392627716,0.012101775966584682,0.016751471906900406,2.024265813815873e-05,0.0009110174141824245,0.0019339002901688218,1.2162214261479676e-05,0.00029627641197293997,0.010920457541942596,0.005779821891337633,0.00048158291610889137,0.0006511484971269965,0.00018589968385640532,0.00870791357010603,8.13469523563981e-05,6.626791582675651e-05,0.1322694718837738,0.09846554696559906,0.004674242809414864,0.00016793386021163315,0.01522209495306015,0.006298784166574478,0.14266754686832428,0.02010677382349968,0.0015351317124441266,0.0010106738191097975,0.0016701897839084268,0.0014651615638285875,0.00017815473256632686,0.00025827865465544164,6.641246272920398e-07,3.459543052031222e-07
1.6280158661174937e-06,0.413553923368454,0.49287939071655273,3.274258415331133e-05,0.0083505529910326,0.00447038933634758,8.548669029551093e-06,5.312855932970706e-08,3.1983981330085953e-07,0.0679575726389885,0.03516664728522301,0.161288782954216,0.13916650414466858,0.03091631829738617,0.08088894188404083,0.10852713882923126,0.05593978613615036,0.04983487352728844,0.05797765776515007,0.14920556545257568,0.1530858725309372,0.00945201888680458,0.012599105946719646,1.9400431483518332e-05,0.0007090448052622378,0.004329904913902283,4.1112813050858676e-05,0.0008129265042953193,0.018731720745563507,0.005425244569778442,0.0001257330150110647,0.00023455431801266968,0.00033072795486077666,0.004982653073966503,9.086616046261042e-05,9.257372585125268e-05,0.11863179504871368,0.0794169083237648,0.013400008901953697,0.0005154641694389284,0.03606001287698746,0.017585858702659607,0.11451490968465805,0.015529045835137367,0.0004167121078353375,0.0003160037158522755,0.0003025317855644971,0.001376330736093223,9.970636165235192e-05,0.00011301205813651904,5.02824093473464e-07,3.356713023094926e-07
1.2990639106646995e-06,0.3339950144290924,0.3930020332336426,6.779235991416499e-05,0.01173054613173008,0.005822896026074886,8.375045581487939e-06,4.8489667392459523e-08,3.4315536368012545e-07,0.03272131830453873,0.013651318848133087,0.131083145737648,0.11158599704504013,0.01866297796368599,0.13711291551589966,0.14645232260227203,0.03369055315852165,0.062435586005449295,0.07817281782627106,0.10894250869750977,0.09705450385808945,0.01746387593448162,0.029672371223568916,2.271139237564057e-05,0.0006605390808545053,0.0031396106351166964,2.9613665901706554e-05,0.0005423170514404774,0.013905647210776806,0.0038755235727876425,0.0003132572746835649,0.00048245201469399035,0.00027807868900708854,0.006990334019064903,0.00010915172606473789,0.00011321559577481821,0.11595481634140015,0.06503969430923462,0.011300608515739441,0.000259555148659274,0.025873281061649323,0.010596204549074173,0.09796122461557388,0.014842767268419266,0.0004976234049536288,0.00032072304747998714,0.0008009833400137722,0.0013236691011115909,9.666481491876766e-05,0.0001132310280809179,5.950377044428024e-07,2.942978483133629e-07
1.0743358416220872e-06,0.3278888165950775,0.3928845524787903,4.922115113004111e-05,0.01221812516450882,0.006489401217550039,7.897649084043223e-06,3.9647741090220734e-08,2.5008478132804157e-07,0.04486972466111183,0.023411450907588005,0.14842012524604797,0.13454784452915192,0.026939649134874344,0.09221144765615463,0.11813633888959885,0.04808315262198448,0.05369344353675842,0.06096619740128517,0.15027159452438354,0.12174521386623383,0.014032809995114803,0.018274925649166107,1.995528509723954e-05,0.000713967892806977,0.004044306930154562,4.31924854638055e-05,0.0008131880313158035,0.014371099881827831,0.009506664238870144,5.003419573768042e-05,8.555281965527683e-05,0.00042844240670092404,0.004903316032141447,0.00010643810674082488,8.784981037024409e-05,0.08212891221046448,0.08896408975124359,0.021990299224853516,0.0006938924198038876,0.02747449092566967,0.01916515827178955,0.06753011792898178,0.010635769926011562,0.0003033563552889973,0.0002919924445450306,0.00019245785370003432,0.0008242704207077622,5.2672414312837645e-05,7.361576717812568e-05,4.829017257179657e-07,2.3419114825173892e-07
1.1694883141899481e-06,0.4521595239639282,0.5233864784240723,3.36488701577764e-05,0.008050750009715557,0.004176758695393801,7.850520887586754e-06,4.477535853197878e-08,2.754256058778992e-07,0.028153782710433006,0.01398561056703329,0.1521485149860382,0.133479043841362,0.01988096535205841,0.12032155692577362,0.14243252575397491,0.03967948257923126,0.04993925616145134,0.06131058931350708,0.07552611827850342,0.0836176797747612,0.018823063001036644,0.030920030549168587,1.7673173715593293e-05,0.0009537753066979349,0.0031445082277059555,2.68638050329173e-05,0.0005934606888331473,0.011932037770748138,0.0063096992671489716,0.0001767508510965854,0.00022370583610609174,0.00035337693407200277,0.006192984525114298,8.121757855406031e-05,7.3386006988585e-05,0.10208173096179962,0.057226575911045074,0.019728774204850197,0.0004931241273880005,0.023379335179924965,0.009788839146494865,0.13214530050754547,0.021495649591088295,0.0005308021791279316,0.00032139854738488793,0.0007777995197102427,0.0005444135167635977,0.0001250413479283452,0.00015989258827175945,4.938138999932562e-07,2.2758733564387512e-07
1.0001696182371234e-06,0.40405213832855225,0.4917346239089966,6.374275835696608e-05,0.010473626665771008,0.004279476124793291,7.084187473083148e-06,3.7569240163293216e-08,3.139082025427342e-07,0.037549037486314774,0.012906397692859173,0.1995614916086197,0.1774350106716156,0.016894236207008362,0.12880462408065796,0.1580488383769989,0.03704947605729103,0.0377642884850502,0.043979715555906296,0.10571266710758209,0.08061447739601135,0.01761472597718239,0.03236034885048866,1.989413794944994e-05,0.0007762660388834774,0.0029597654938697815,3.574613219825551e-05,0.00043886207276955247,0.013711976818740368,0.006669377442449331,8.59778665471822e-05,0.0001449586998205632,0.00045524409506469965,0.007772003300487995,0.00012229138519614935,0.00011021497630281374,0.06948650628328323,0.06808512657880783,0.03008727915585041,0.0004314412653911859,0.02276724763214588,0.01183874811977148,0.08187904208898544,0.013625011779367924,0.0002589423966128379,0.0002176188863813877,0.00022946296667214483,0.0008178206044249237,8.001335663720965e-05,0.00011082475248258561,6.714029154863965e-07,2.665484544195351e-07
1.3763268498223624e-06,0.3968299329280853,0.46955442428588867,3.654609099612571e-05,0.00997046660631895,0.005203995853662491,6.966255114093656e-06,4.074261994446715e-08,2.9265467560435354e-07,0.045149654150009155,0.0193849578499794,0.2647329270839691,0.23042795062065125,0.022361379116773605,0.11005108058452606,0.1313038319349289,0.044145990163087845,0.026294581592082977,0.03041788376867771,0.08608490228652954,0.07610475271940231,0.01483678538352251,0.02282479777932167,1.2093526493117679e-05,0.0008403987158089876,0.0029492529574781656,2.667069566086866e-05,0.0005823707906529307,0.014453114941716194,0.006460921373218298,0.0001691637880867347,0.0002407638094155118,0.0002851493190973997,0.013013873249292374,4.318828723626211e-05,3.4519605833338574e-05,0.1209418997168541,0.08264173567295074,0.013393267057836056,0.00024655822198837996,0.020793696865439415,0.009437644854187965,0.25369179248809814,0.029878946021199226,0.0008710643742233515,0.0005665505887009203,0.0007973641622811556,0.0007799251470714808,0.00018144387286156416,0.00021293667668942362,4.6440425194305135e-07,2.5980313012041734e-07
1.3086346370982938e-06,0.3404700756072998,0.3797913193702698,6.0073369240853935e-05,0.01385769248008728,0.007384801749140024,5.982388756820001e-06,5.18767606649817e-08,3.798390650899819e-07,0.04073510691523552,0.018665915355086327,0.31197890639305115,0.29917579889297485,0.019613683223724365,0.12450749427080154,0.1413172334432602,0.03945934772491455,0.017659347504377365,0.022653095424175262,0.0634879320859909,0.06971324980258942,0.01570422761142254,0.028814775869250298,9.370406587549951e-06,0.0008767161052674055,0.0028673249762505293,2.5225132048944943e-05,0.0004669611225835979,0.013034198433160782,0.004173027817159891,0.0002633409749250859,0.0003594355075620115,0.00027047345065511763,0.011000790633261204,3.784530417760834e-05,3.28363967128098e-05,0.13231076300144196,0.058582231402397156,0.01522661279886961,0.0003018950519617647,0.02463446371257305,0.009107348509132862,0.3600105047225952,0.03807558864355087,0.0006668548448942602,0.00034011094248853624,0.0010515517788007855,0.00070756342029199,0.0002495921216905117,0.00024276974727399647,5.453809990285663e-07,2.903074403093342e-07
1.1380528803783818e-06,0.3281730115413666,0.3373720645904541,0.00020492231124080718,0.01275841984897852,0.008548451587557793,3.977718733949587e-06,4.896440231050292e-08,3.7187544421612984e-07,0.040772922337055206,0.022291455417871475,0.4072178602218628,0.39580386877059937,0.01918904483318329,0.14327558875083923,0.14303112030029297,0.03179934248328209,0.011329895816743374,0.014273089356720448,0.05031337961554527,0.05080317705869675,0.01648501306772232,0.026316508650779724,6.235392447706545e-06,0.0013020613696426153,0.002113040303811431,1.9025399524252862e-05,0.000258521584328264,0.010091226547956467,0.002571806078776717,0.00038089085137471557,0.0005091395578347147,0.0002796409244183451,0.01671365275979042,2.588357347121928e-05,2.1325644411263056e-05,0.08052067458629608,0.02952984906733036,0.023896947503089905,0.00021385493164416403,0.017512468621134758,0.007017894182354212,0.5146768093109131,0.07306631654500961,0.00042588665382936597,0.0001901495415950194,0.0011210041120648384,0.0005682514165528119,0.0004156732466071844,0.0003860091674141586,7.921038331915042e-07,2.7035042649004026e-07
1.2607683856913354e-06,0.21374231576919556,0.2341303825378418,0.0006210562423802912,0.024886464700102806,0.014097373001277447,2.6928230454359436e-06,6.306682109880057e-08,3.843766194222553e-07,0.03532684966921806,0.017904095351696014,0.37721380591392517,0.37067288160324097,0.021781375631690025,0.11740957945585251,0.13325275480747223,0.042296312749385834,0.013146919198334217,0.017528170719742775,0.03576299175620079,0.04925163835287094,0.02189892902970314,0.03389217332005501,5.959321242698934e-06,0.0005497796810232103,0.0009411164792254567,2.104237319144886e-05,0.00011552408250281587,0.006556352600455284,0.0013913692673668265,0.0009585515363141894,0.001505026826635003,0.0002855312777683139,0.01827383041381836,2.1216490495135076e-05,1.5722504031145945e-05,0.054786790162324905,0.02693355642259121,0.026103775948286057,0.0001887861144496128,0.006258868612349033,0.0018445441965013742,0.6131023168563843,0.15742641687393188,0.0007067355327308178,0.00041517781210131943,0.0013479475164785981,0.0017155347159132361,0.0015328791923820972,0.0014850597362965345,1.298372694691352e-06,3.6555425708684197e-07
6.691075213893782e-07,0.0903485119342804,0.10797175765037537,0.0010465283412486315,0.06521429866552353,0.027633968740701675,3.937481778848451e-06,6.016075815296063e-08,2.2708847779995267e-07,0.03566352277994156,0.021443217992782593,0.37372466921806335,0.35268405079841614,0.03921931982040405,0.07971726357936859,0.088046133518219,0.05655674636363983,0.015193642117083073,0.017927754670381546,0.048269692808389664,0.06146422401070595,0.02312053181231022,0.02939794771373272,1.081000027625123e-05,0.0005636804853565991,0.0006549680838361382,1.229439840244595e-05,5.819856596644968e-05,0.0033274576999247074,0.0033301515504717827,0.0020740614272654057,0.0021340053062886,0.00018652217113412917,0.007201700005680323,7.040711352601647e-05,4.162047480349429e-05,0.09204605221748352,0.07328246533870697,0.009317457675933838,0.00027911883080378175,0.005666244775056839,0.0012574316933751106,0.38078561425209045,0.0816061869263649,0.0014267695369198918,0.0009322065161541104,0.0035422444343566895,0.0011527355527505279,0.0009649005951359868,0.0013533876044675708,1.6787529375505983e-06,3.5699054024007637e-07
8.066743930612574e-07,0.061185870319604874,0.0625358521938324,0.0017133752116933465,0.0985446497797966,0.0427057221531868,4.020804226456676e-06,5.743920539202918e-08,2.8376641125760216e-07,0.030981674790382385,0.02182058058679104,0.3616596758365631,0.3429451584815979,0.024261552840471268,0.11470997333526611,0.1232837662100792,0.04283963143825531,0.016794072464108467,0.01897009089589119,0.0422731414437294,0.05993237346410751,0.02637692168354988,0.03146268427371979,9.077046343008988e-06,0.0005309117259457707,0.0008690558606758714,1.5297080608434044e-05,7.061125506879762e-05,0.005163922905921936,0.002922200597822666,0.0010842418996617198,0.0013375061098486185,0.00021316035417839885,0.020014619454741478,6.572868005605415e-05,3.938614099752158e-05,0.09141667187213898,0.07974569499492645,0.009491709992289543,0.0001226798485731706,0.007486945018172264,0.0019770965445786715,0.4632492661476135,0.10574543476104736,0.0011429316364228725,0.0007885047816671431,0.0019293719669803977,0.0013896398013457656,0.001406585332006216,0.0017230394296348095,1.509855906078883e-06,3.4905826851172606e-07
7.722576356172794e-07,0.07757449895143509,0.07622691988945007,0.0013653315836563706,0.07156572490930557,0.038895029574632645,4.405320396472234e-06,6.791837847686111e-08,3.250392524023482e-07,0.032800592482089996,0.024351853877305984,0.4282725751399994,0.4182506203651428,0.026494473218917847,0.10665392130613327,0.11467453092336655,0.044319044798612595,0.011840722523629665,0.013413090258836746,0.04308204725384712,0.06473370641469955,0.023597074672579765,0.027984512969851494,9.6919739007717e-06,0.0006760380929335952,0.0010318978456780314,1.276274360861862e-05,9.232247248291969e-05,0.005002460442483425,0.002661102684214711,0.0019088519038632512,0.002120635937899351,0.00016145910194609314,0.008999546058475971,6.233446765691042e-05,4.406871084938757e-05,0.10362705588340759,0.059175755828619,0.008241225965321064,0.00022218935191631317,0.010825958102941513,0.002309291623532772,0.4372573494911194,0.07507216185331345,0.0010657066013664007,0.0005977030377835035,0.0030925266910344362,0.0012447142507880926,0.0008761921199038625,0.0010155504569411278,1.3786442423224798e-06,4.0920153310253227e-07
8.251192866737256e-07,0.08022095263004303,0.08972478657960892,0.002201313152909279,0.062721386551857,0.033085230737924576,3.5748016671277583e-06,6.699868038140266e-08,3.5282073440612294e-07,0.031091369688510895,0.020889880135655403,0.41477707028388977,0.4072558581829071,0.021367991343140602,0.12718063592910767,0.13447871804237366,0.037598542869091034,0.011532613076269627,0.014330658130347729,0.042728085070848465,0.060762785375118256,0.022816749289631844,0.03214253857731819,7.1279587245953735e-06,0.0008243268821388483,0.001280271215364337,1.7927526641869918e-05,0.00011147904297104105,0.007011130917817354,0.002672312082722783,0.0005383198149502277,0.0006755401846021414,0.00024930477957241237,0.00840927567332983,4.442483987077139e-05,3.6278506740927696e-05,0.08076535165309906,0.03530062362551689,0.02163197286427021,0.0004462821816559881,0.011698637157678604,0.003219514386728406,0.463483601808548,0.08753805607557297,0.00045723901712335646,0.00024375616339966655,0.001117556937970221,0.0006947980145923793,0.0007713657105341554,0.0008670678944326937,1.4625683206759277e-06,3.323797557186481e-07
1.2525424608611502e-06,0.17613287270069122,0.1850055456161499,0.0006025449838489294,0.02840668149292469,0.017711501568555832,4.830112629861105e-06,6.948486941382725e-08,3.660077538825135e-07,0.04448491707444191,0.029604900628328323,0.3698434829711914,0.3589717149734497,0.01595114730298519,0.16114169359207153,0.162090465426445,0.03068022057414055,0.01431218534708023,0.01678323931992054,0.06775680929422379,0.07703696191310883,0.017431601881980896,0.020756907761096954,9.646983016864397e-06,0.000855455466080457,0.0013988972641527653,1.4747346540389117e-05,0.0001659185072639957,0.006697981618344784,0.0020130802877247334,0.001224698149599135,0.0014509805478155613,0.00022859341697767377,0.011566180735826492,3.895038753398694e-05,3.164113513776101e-05,0.105455681681633,0.03771892189979553,0.010631725192070007,0.00020377078908495605,0.011040445417165756,0.0027385863941162825,0.4600313603878021,0.08835436403751373,0.0011679204180836678,0.0005438624648377299,0.003140287008136511,0.0011010058224201202,0.0008213573019020259,0.0008784420206211507,1.0965998171741376e-06,4.1477554191260424e-07
1.275232193620468e-06,0.1938220113515854,0.19669632613658905,0.0003360111149959266,0.02535824477672577,0.0166371650993824,4.099071247765096e-06,6.264576768444385e-08,3.8221043041630764e-07,0.04835234209895134,0.026862848550081253,0.3443170189857483,0.33340805768966675,0.020592333748936653,0.13207310438156128,0.13260382413864136,0.03448954597115517,0.014879626221954823,0.01910301297903061,0.07299484312534332,0.07820987701416016,0.014607199467718601,0.020779289305210114,7.537659712397726e-06,0.0008807720150798559,0.002333490177989006,2.7106556444778107e-05,0.00034542803768999875,0.00911669060587883,0.0024694004096090794,0.00026175897801294923,0.00041804579086601734,0.0003840159915853292,0.013611824251711369,3.321799886180088e-05,2.8903723432449624e-05,0.06686504185199738,0.034976717084646225,0.03020225279033184,0.0002755146415438503,0.01753341034054756,0.00601480295881629,0.3847725987434387,0.057058800011873245,0.00031632714672014117,0.00018582471238914877,0.0005898170056752861,0.0009430812788195908,0.00037002662429586053,0.0003373940126039088,9.051079246091831e-07,3.158125423396996e-07
1.2034547580697108e-06,0.2887243628501892,0.32719093561172485,7.832339179003611e-05,0.014616097323596478,0.00904191192239523,7.2488842306484e-06,3.82416764921345e-08,2.50997544526399e-07,0.07241357117891312,0.03356967493891716,0.3149285316467285,0.29634568095207214,0.014824661426246166,0.15379683673381805,0.16938729584217072,0.03093786910176277,0.019211025908589363,0.02136334590613842,0.14416265487670898,0.10763518512248993,0.009714172221720219,0.013810176402330399,1.461940337321721e-05,0.0007506086258217692,0.00279367808252573,2.924057116615586e-05,0.0005752660217694938,0.017602937296032906,0.008296344429254532,5.236850483925082e-05,7.359401206485927e-05,0.00038382093771360815,0.008820392191410065,4.206634912407026e-05,3.700099841807969e-05,0.1350509524345398,0.06909313797950745,0.015337246470153332,0.000517351902090013,0.013824653811752796,0.011189552024006844,0.13790178298950195,0.022047895938158035,0.0010738851269707084,0.0006843233713880181,0.0005346686230041087,0.0005641545867547393,0.0001812241243897006,0.0002084376465063542,5.890634611205314e-07,2.5103247480728896e-07
1.052911443366611e-06,0.2893216013908386,0.3349437117576599,4.979329605703242e-05,0.019273990765213966,0.008370297960937023,7.897318027971778e-06,4.4738737159377706e-08,2.867291186703369e-07,0.03201897069811821,0.016559038311243057,0.2597588002681732,0.2385217845439911,0.01729043386876583,0.13286219537258148,0.15038847923278809,0.03472071886062622,0.02566816657781601,0.029921788722276688,0.09426913410425186,0.0955105647444725,0.018495364114642143,0.028287379071116447,1.8231019566883333e-05,0.0006264267140068114,0.003096573520451784,3.883911267621443e-05,0.0005981677677482367,0.013080544769763947,0.008281195536255836,9.73058195086196e-05,0.00013094248424749821,0.00038095383206382394,0.005202742759138346,8.134229574352503e-05,7.163442205637693e-05,0.12340349704027176,0.07476364076137543,0.017796402797102928,0.0006822385475970805,0.020899027585983276,0.010844964534044266,0.10557429492473602,0.016168808564543724,0.000631800212431699,0.00042628328083083034,0.0005717313033528626,0.0005695809959433973,0.00010580160596873611,0.00013233792560640723,5.524780135601759e-07,2.5431032213418803e-07
1.0419197451483342e-06,0.3369945287704468,0.38958626985549927,3.31949777319096e-05,0.01290518045425415,0.0067176008597016335,1.0126552297151648e-05,4.820481436240698e-08,2.65651891595553e-07,0.04409594088792801,0.018065346404910088,0.16563637554645538,0.15062834322452545,0.013719274662435055,0.15991851687431335,0.17328386008739471,0.02966112270951271,0.04685404896736145,0.053565770387649536,0.14218340814113617,0.11076294630765915,0.013658645562827587,0.023278184235095978,2.387870154052507e-05,0.0008143088780343533,0.004001914989203215,3.4080938348779455e-05,0.0007316501578316092,0.009897611103951931,0.00873012375086546,0.00017002844833768904,0.00019237841479480267,0.0003621839568950236,0.006628968752920628,0.00013512013538274914,0.00012483786849770695,0.1001654863357544,0.07037246227264404,0.019936073571443558,0.00039347377605736256,0.034070637077093124,0.013513688929378986,0.08701872080564499,0.011831609532237053,0.0003487518697511405,0.00021583125635515898,0.0007157142390497029,0.00042384176049381495,7.02123434166424e-05,0.00010057695908471942,4.651355993701145e-07,2.271794556918394e-07
1.279933940168121e-06,0.34062376618385315,0.40209677815437317,7.084590470185503e-05,0.011869086883962154,0.005981293506920338,9.55908399191685e-06,5.1484342122876114e-08,3.4476136079319986e-07,0.03166311979293823,0.015467699617147446,0.14504630863666534,0.13334216177463531,0.01926521211862564,0.12334312498569489,0.14008447527885437,0.03618370369076729,0.05264453589916229,0.061948344111442566,0.1093614250421524,0.10081358999013901,0.017552772536873817,0.028070300817489624,2.1067291527288035e-05,0.0008055284270085394,0.003832561895251274,3.316102811368182e-05,0.0006229360587894917,0.022866511717438698,0.0064956569112837315,0.00011952379281865433,0.00016906285600271076,0.0003420562716200948,0.0055822753347456455,0.00010437265882501379,0.00011778940097428858,0.1444036364555359,0.05657600611448288,0.017128752544522285,0.0005384405958466232,0.03559839725494385,0.01461133174598217,0.0982947126030922,0.014283745549619198,0.0004520393267739564,0.00023842618975322694,0.0005704829236492515,0.000535681436304003,8.996688848128542e-05,9.142781345872208e-05,5.609059030575736e-07,2.560520044880832e-07
1.0660811540219584e-06,0.3777228891849518,0.41444745659828186,4.1459916246822104e-05,0.00971189234405756,0.006446233484894037,1.0810195817612112e-05,4.337012882160707e-08,3.3398850973753724e-07,0.03640035539865494,0.015611345879733562,0.16083943843841553,0.14917953312397003,0.017254875972867012,0.1300698071718216,0.15275774896144867,0.03541621193289757,0.049343712627887726,0.05564619600772858,0.13248084485530853,0.1049552634358406,0.016164077445864677,0.02762885019183159,2.7326575946062803e-05,0.000968735315836966,0.004437881987541914,3.1705225410405546e-05,0.0007948314887471497,0.02027343027293682,0.006687914486974478,9.89024993032217e-05,0.00013468277757056057,0.00040810072096064687,0.012051708064973354,0.0001447199028916657,0.0001532558089820668,0.11475783586502075,0.06161711737513542,0.021010398864746094,0.00021869388001505286,0.03812434524297714,0.018919799476861954,0.05864037200808525,0.008984376676380634,0.0003451888624113053,0.00019566965056583285,0.00052016566041857,0.000482421659398824,5.87893373449333e-05,6.454763206420466e-05,4.567179701098212e-07,2.3303620366732503e-07
1.1360477856214857e-06,0.42670828104019165,0.48934629559516907,3.8194499211385846e-05,0.008535977452993393,0.004675268195569515,8.968234396888874e-06,4.475264603343021e-08,2.805607550726563e-07,0.043698444962501526,0.015338988043367863,0.20576605200767517,0.17627257108688354,0.018673572689294815,0.1330430954694748,0.14350728690624237,0.03437299281358719,0.03566480427980423,0.04378210008144379,0.1030883938074112,0.08889591693878174,0.012924641370773315,0.02788461185991764,2.405014674877748e-05,0.0007092275773175061,0.002593784360215068,2.2651456674793735e-05,0.0005073357024230063,0.011278286576271057,0.006687648128718138,0.0002625893393997103,0.0003293764893896878,0.00029509892920032144,0.00875976774841547,0.00010352426761528477,9.146277443505824e-05,0.12672530114650726,0.08594980090856552,0.010134615004062653,0.00024250503338407725,0.018562298268079758,0.007653211243450642,0.09892496466636658,0.01727236807346344,0.0010804381454363465,0.0006980593898333609,0.001287813764065504,0.0008895013597793877,0.0001612200285308063,0.00020877199131064117,5.347361025087594e-07,2.7098207056042156e-07
1.273698330805928e-06,0.4002150893211365,0.43617627024650574,3.7397563573904335e-05,0.011195098049938679,0.006133998278528452,7.4956951721105725e-06,4.841518119746979e-08,2.9470058393599174e-07,0.040589239448308945,0.017982814460992813,0.22543618083000183,0.1936129331588745,0.023317046463489532,0.10561543703079224,0.1253679245710373,0.045214079320430756,0.031970661133527756,0.03692908212542534,0.10183628648519516,0.08944422006607056,0.015579230152070522,0.023289358243346214,1.888040787889622e-05,0.0006812110659666359,0.002196597633883357,2.4956403649412096e-05,0.00042227437370456755,0.007603599689900875,0.004626916721463203,0.0004562180256471038,0.0006406765896826982,0.00030767617863602936,0.01839856058359146,8.323792280862108e-05,6.0327052779030055e-05,0.08691392093896866,0.09356550127267838,0.011202550493180752,0.0001023306031129323,0.016229307278990746,0.0054994248785078526,0.1526332050561905,0.02491370402276516,0.0009003326413221657,0.0006913294200785458,0.0012180720223113894,0.0015294732293114066,0.00018291255400981754,0.00023387232795357704,5.860405281055137e-07,3.2029919339038315e-07
1.0165537105422118e-06,0.33719849586486816,0.3711751699447632,8.39898712001741e-05,0.013057119213044643,0.006251650862395763,5.2553559726220556e-06,3.9146833330505615e-08,2.792753832636663e-07,0.039036788046360016,0.01819089986383915,0.2813400328159332,0.24944861233234406,0.0200383048504591,0.13937807083129883,0.13478854298591614,0.03129727020859718,0.022745277732610703,0.028252853080630302,0.07168176025152206,0.073423370718956,0.01569860801100731,0.02669396623969078,1.3906122148910072e-05,0.0006514585693366826,0.0020452418830245733,2.6724623239715584e-05,0.00033361100940965116,0.010820443741977215,0.0054509807378053665,0.00019465827790554613,0.00029590720077976584,0.00030508529744111,0.007535004056990147,5.4180389270186424e-05,4.654234726331197e-05,0.09172889590263367,0.06536412984132767,0.015687348321080208,0.0003856821567751467,0.01351317297667265,0.006892809644341469,0.16642828285694122,0.025895318016409874,0.0006730055320076644,0.0004828403179999441,0.0006665356340818107,0.0010635012295097113,0.00017380314238835126,0.00021104417101014405,7.561956749668752e-07,2.527423532683315e-07
1.0659814506652765e-06,0.3473798930644989,0.3799933195114136,7.675814413232729e-05,0.01264099683612585,0.007932964712381363,5.049739684181986e-06,4.525341168459818e-08,3.424354986236722e-07,0.04616973549127579,0.01618533954024315,0.3719840943813324,0.3673010468482971,0.013163894414901733,0.17233285307884216,0.17736585438251495,0.028000691905617714,0.012805677950382233,0.016512271016836166,0.06110319122672081,0.05449944734573364,0.014240521006286144,0.0301496684551239,1.1879244993906468e-05,0.0008204487385228276,0.0018192598363384604,2.3327253074967302e-05,0.000344390282407403,0.010441923514008522,0.003556586569175124,0.00019466737285256386,0.0002681295736692846,0.00046987010864540935,0.01797187328338623,3.6610170354833826e-05,3.209011993021704e-05,0.08324635773897171,0.03980008140206337,0.028805147856473923,0.00022772804368287325,0.009585664607584476,0.004665372893214226,0.23861408233642578,0.046059828251600266,0.0007628138409927487,0.00041746796341612935,0.0009089685045182705,0.0007003649952821434,0.0004358964797575027,0.000404120801249519,8.297568001580657e-07,2.6918809226117446e-07
1.0721250873757526e-06,0.2780371308326721,0.2778642475605011,0.00017527998716104776,0.0151583356782794,0.011698692105710506,4.421382072905544e-06,6.12194455129611e-08,3.250882230076968e-07,0.058042850345373154,0.03259435296058655,0.41440728306770325,0.4087432324886322,0.02359877899289131,0.11526612192392349,0.12397822737693787,0.040232062339782715,0.011631644330918789,0.013182373717427254,0.07839658856391907,0.07343114167451859,0.012990754097700119,0.016896653920412064,1.0598330845823511e-05,0.0007966502453200519,0.0016383890761062503,2.316277095815167e-05,0.00023799875634722412,0.007050209678709507,0.00225874874740839,0.0006519833696074784,0.0008570484351366758,0.00030921888537704945,0.009258709847927094,4.0865499613573775e-05,3.615341483964585e-05,0.08515243232250214,0.035549554973840714,0.01951202005147934,0.0003028596402145922,0.011905263178050518,0.003621661802753806,0.33872732520103455,0.053850967437028885,0.0005757780745625496,0.0002951835922431201,0.0013702111318707466,0.0009405298042111099,0.00043007306521758437,0.00042379062506370246,1.0388756663815002e-06,3.5394904784880055e-07
1.1655934031296056e-06,0.17689870297908783,0.18033179640769958,0.0004045594250783324,0.030296485871076584,0.01840044930577278,4.522015842667315e-06,5.980277961725733e-08,4.4658767706096114e-07,0.05022306740283966,0.028063181787729263,0.37563207745552063,0.3682803511619568,0.023297986015677452,0.12005338817834854,0.1264084279537201,0.03926457092165947,0.014010737650096416,0.016743401065468788,0.06029500067234039,0.07231927663087845,0.016081545501947403,0.022450890392065048,1.189855447591981e-05,0.0008096101810224354,0.0013020464684814215,1.6129059076774865e-05,0.0001635635708225891,0.010917466133832932,0.0015223041409626603,0.0007732622907496989,0.0011967791942879558,0.00026759557658806443,0.01721510849893093,4.538298162515275e-05,4.7145760618150234e-05,0.11259890347719193,0.03658232465386391,0.014368519186973572,0.00014055328210815787,0.010913403704762459,0.0030490723438560963,0.33463600277900696,0.056580767035484314,0.0008503849385306239,0.0003970711550209671,0.001519870012998581,0.0016775083495303988,0.000676910683978349,0.0005244223866611719,1.430027964488545e-06,4.317670061482204e-07
1.136349055741448e-06,0.18172940611839294,0.1787511259317398,0.0008280214970000088,0.02826545387506485,0.017689645290374756,3.4075135317834793e-06,5.836199790110186e-08,4.2025266111522797e-07,0.052314870059490204,0.03160165622830391,0.42632341384887695,0.41866517066955566,0.02133885584771633,0.12159035354852676,0.13522711396217346,0.04008413851261139,0.011544168926775455,0.013317527249455452,0.0547267384827137,0.0674530416727066,0.01624966226518154,0.02067646011710167,7.888330401328858e-06,0.0007576383650302887,0.0014042258262634277,2.0915853383485228e-05,0.00015963238547556102,0.010190030559897423,0.0015435760142281651,0.0005368388956412673,0.0008896546787582338,0.00027220029733143747,0.024730181321501732,3.252235546824522e-05,2.8475658837123774e-05,0.07362363487482071,0.03173907473683357,0.022202573716640472,0.0001324177283095196,0.01190234161913395,0.003993297927081585,0.45361995697021484,0.07364185154438019,0.0004531234735623002,0.0002378184290137142,0.0008969863411039114,0.001466359943151474,0.0006860455614514649,0.0005561712896451354,1.328283360635396e-06,3.9867921941549866e-07
8.546203957848775e-07,0.1609473079442978,0.16787558794021606,0.0009924679761752486,0.0323622040450573,0.018104899674654007,2.933825044237892e-06,4.784656582046409e-08,3.0648010351796984e-07,0.045370668172836304,0.02895459719002247,0.4414193034172058,0.4308610260486603,0.025490760803222656,0.10945703834295273,0.11883209645748138,0.04313146695494652,0.010576111264526844,0.012884623371064663,0.042785800993442535,0.06579253822565079,0.017906004562973976,0.022707389667630196,6.690304871881381e-06,0.0008119302219711244,0.0013582297833636403,2.1548064978560433e-05,0.00016298939590342343,0.007672091014683247,0.0025393087416887283,0.00031207295251078904,0.0004464559897314757,0.00033374869963154197,0.022988416254520416,3.0307151973829605e-05,2.2073931177146733e-05,0.05677280202507973,0.034627970308065414,0.031501736491918564,0.0001780465681804344,0.009652668610215187,0.0041732182726264,0.41175439953804016,0.0682787075638771,0.00040697274380363524,0.000246445182710886,0.0007459110347554088,0.0007323844474740326,0.0005538215627893806,0.0005844050901941955,1.159158387054049e-06,2.8617566272259864e-07
6.913730317137379e-07,0.20965169370174408,0.21955828368663788,0.0006571959820576012,0.0225784070789814,0.014194822870194912,3.2440673294331646e-06,4.354635052550293e-08,2.637686122852756e-07,0.06053653731942177,0.03380009904503822,0.4761486053466797,0.47886136174201965,0.026102907955646515,0.10354453325271606,0.11948303133249283,0.04569500684738159,0.00877452827990055,0.010539871640503407,0.05494280159473419,0.07045383006334305,0.013252133503556252,0.018821420148015022,9.173958460451104e-06,0.0006880864966660738,0.0011771147837862372,2.2562073354492895e-05,0.00018731795717030764,0.010084317065775394,0.003867990802973509,0.00017109711188822985,0.00021660869242623448,0.0003924712655134499,0.011589821428060532,3.189591734553687e-05,2.64867576333927e-05,0.08032640069723129,0.03615680709481239,0.036799050867557526,0.000401942350436002,0.007290305569767952,0.0028474973514676094,0.29008564352989197,0.038663145154714584,0.0006502164178527892,0.00035838165786117315,0.0008217114955186844,0.0005172771634534001,0.0004178814124315977,0.0004138503281865269,1.1100004257968976e-06,2.5190902874783205e-07
8.537487588000658e-07,0.195349782705307,0.22630132734775543,0.0005502711283043027,0.029171966016292572,0.012405836954712868,3.3092242119892035e-06,4.9258343182145836e-08,3.2987651366056525e-07,0.040217287838459015,0.027585584670305252,0.40802714228630066,0.4078419506549835,0.026070116087794304,0.1011267602443695,0.11326274275779724,0.045010071247816086,0.010324537754058838,0.014183775521814823,0.0404561385512352,0.08890083432197571,0.01726292446255684,0.021366525441408157,1.0287375516782049e-05,0.0008131093927659094,0.001441537868231535,2.0586579921655357e-05,0.00023359998886007816,0.007928191684186459,0.0026395507156848907,0.00025906614609993994,0.0003616059257183224,0.0005150006036274135,0.031132683157920837,4.248514596838504e-05,3.3306754630757496e-05,0.054471395909786224,0.03814548999071121,0.041032735258340836,0.00011974829249083996,0.008872315287590027,0.003382654394954443,0.22705470025539398,0.04330579191446304,0.0004787020734511316,0.00031225840211845934,0.000790251127909869,0.0008456216310150921,0.0003832048678305,0.00041518593207001686,1.0612010328259203e-06,2.9168779747124063e-07
