"{'gestureId': '2', 'fps': 27.12222148934767}"
1.0409246442577569e-06,0.18515074253082275,0.2054888755083084,0.0001687672920525074,0.024422675371170044,0.01754615269601345,9.211006727127824e-06,5.648584888717778e-08,3.1944139777806413e-07,0.11038036644458771,0.04494904354214668,0.24403510987758636,0.22342965006828308,0.015620918944478035,0.15662981569766998,0.1789644956588745,0.035687338560819626,0.03484408184885979,0.03552045673131943,0.243641659617424,0.19880829751491547,0.007624161895364523,0.011274022981524467,1.790371061360929e-05,0.0017563534202054143,0.006374011281877756,2.649135421961546e-05,0.001515979878604412,0.007593060377985239,0.004253138788044453,0.00017687139916233718,0.00022305578750092536,0.00030457088723778725,0.011190719902515411,9.67976448009722e-05,9.241814404958859e-05,0.07907785475254059,0.05109702795743942,0.022501464933156967,0.00020293897250667214,0.0514381118118763,0.017657559365034103,0.09525010734796524,0.00751256151124835,0.00018002046272158623,0.00010541651136009023,0.0005774798919446766,0.0005159486318007112,4.235807864461094e-05,5.5577205785084516e-05,4.055940792113688e-07,3.234738983337593e-07
1.0792475677590119e-06,0.20547837018966675,0.2276177555322647,0.00015056211850605905,0.022221438586711884,0.015996037051081657,8.891903235053178e-06,5.6159379369091766e-08,3.290388690402324e-07,0.11154299974441528,0.04641637206077576,0.2531379163265228,0.22981826961040497,0.015037627890706062,0.1561320275068283,0.18254847824573517,0.03633597493171692,0.03294824808835983,0.03388213738799095,0.22601240873336792,0.19330835342407227,0.007464139722287655,0.010978493839502335,1.7149604900623672e-05,0.0016998208593577147,0.006736111361533403,3.1720774131827056e-05,0.0017026016721501946,0.008501562289893627,0.004009050317108631,0.00013565551489591599,0.00018223849474452436,0.00034940612385980785,0.012777076102793217,8.921601693145931e-05,8.816720219329e-05,0.06985194236040115,0.04357539489865303,0.031457092612981796,0.00020504504209384322,0.054468728601932526,0.018903031945228577,0.09851007163524628,0.00806323904544115,0.00014310544065665454,8.385456021642312e-05,0.000434314482845366,0.0004850663535762578,4.168120358372107e-05,5.2089981181779876e-05,3.9948227481545473e-07,3.077321650835074e-07
1.1803343795691035e-06,0.18493503332138062,0.2014317661523819,0.00017211915110237896,0.02520781196653843,0.018952570855617523,9.375457011628896e-06,6.208289704545678e-08,3.8509281807819207e-07,0.1011013463139534,0.041099853813648224,0.24902723729610443,0.22808517515659332,0.015143139287829399,0.15568886697292328,0.18110746145248413,0.03639036789536476,0.033949460834264755,0.03440287336707115,0.22739018499851227,0.18671922385692596,0.008289693854749203,0.012571643106639385,1.775281816662755e-05,0.0018183831125497818,0.006579074077308178,2.6876465199165978e-05,0.001556064817123115,0.008823798969388008,0.003151112701743841,0.00023138662800192833,0.00032130908221006393,0.00029017854831181467,0.012319565750658512,8.907167648430914e-05,9.616411989554763e-05,0.08052735775709152,0.04281161352992058,0.022774571552872658,0.0001722782471915707,0.05626131594181061,0.017337895929813385,0.1074296310544014,0.008447428233921528,0.0001701351866358891,9.298424265580252e-05,0.0005728561081923544,0.0006840106216259301,4.541939779301174e-05,5.2839597628917545e-05,4.338464805186959e-07,3.7555241760856006e-07
1.1869287845911458e-06,0.19417217373847961,0.2181093990802765,0.00015656350296922028,0.024192404001951218,0.01691354252398014,9.418543413630687e-06,5.998373353577335e-08,4.0686751390239806e-07,0.10219431668519974,0.03985154628753662,0.2534792721271515,0.23101864755153656,0.014448709785938263,0.1630708873271942,0.182534858584404,0.03391372784972191,0.03042011149227619,0.033520568162202835,0.18093615770339966,0.18885298073291779,0.007440586108714342,0.013185474090278149,2.102969665429555e-05,0.0013718015979975462,0.004771244712173939,2.0896732166875154e-05,0.001206619548611343,0.012530043721199036,0.0032674698159098625,0.00028093994478695095,0.0003749460738617927,0.00025533902226015925,0.012510614469647408,8.340134809259325e-05,9.926342318067327e-05,0.11936409026384354,0.0479256734251976,0.013751784339547157,0.00014912190090399235,0.03848346322774887,0.010293605737388134,0.10065237432718277,0.009550366550683975,0.00047790558892302215,0.0002405981213087216,0.0010500216158106923,0.0008928525494411588,8.819596405373886e-05,9.141159534920007e-05,4.63598865962922e-07,3.8430439985859266e-07
1.5919433735689381e-06,0.22078822553157806,0.2509140372276306,0.00015291772433556616,0.020048372447490692,0.015869323164224625,1.1721584996848833e-05,7.812781888105746e-08,5.201731028137146e-07,0.08400512486696243,0.033816270530223846,0.2678554356098175,0.24114814400672913,0.009722156450152397,0.2052532583475113,0.21936799585819244,0.028219275176525116,0.029191715642809868,0.029939288273453712,0.17875969409942627,0.18147411942481995,0.009259380400180817,0.015104744583368301,2.38462944253115e-05,0.0009438575361855328,0.004663433413952589,2.7722026061383076e-05,0.0009267666609957814,0.012077083811163902,0.002897170837968588,0.00078559824032709,0.0009974008426070213,0.00016288871120195836,0.007564093451946974,9.061651508091018e-05,0.00011632217501755804,0.177501380443573,0.05823952704668045,0.005980310030281544,0.0001766499481163919,0.04515372961759567,0.009455426596105099,0.1218181923031807,0.011668751016259193,0.00082189473323524,0.00039376740460284054,0.0020538580138236284,0.0015123564517125487,9.636240429244936e-05,9.417490946361795e-05,4.915792146675813e-07,5.540144343285647e-07
1.7728237935443758e-06,0.1817382425069809,0.2522198557853699,0.00029011492733843625,0.02421896532177925,0.013849347829818726,1.2225999853399117e-05,7.84925617836052e-08,5.714759367947408e-07,0.10469105839729309,0.040291398763656616,0.17281298339366913,0.15715636312961578,0.009540807455778122,0.20937205851078033,0.22713913023471832,0.027838503941893578,0.04989806190133095,0.05275639146566391,0.22623102366924286,0.19445909559726715,0.007979932241141796,0.011981368064880371,1.9929193513235077e-05,0.0013326312182471156,0.008595066145062447,3.819766789092682e-05,0.0015334002673625946,0.008762282319366932,0.0024620266631245613,0.0005945665761828423,0.0007906846003606915,0.00016924897499848157,0.0060208020731806755,0.00011020973033737391,0.00013963527453597635,0.14138922095298767,0.0505652129650116,0.008347911760210991,0.00023984781000763178,0.08873986452817917,0.02643328532576561,0.09690143167972565,0.007719001732766628,0.00024996313732117414,0.00012818214599974453,0.0010491827270016074,0.0012840525014325976,3.886178456014022e-05,4.361068204161711e-05,4.806599918083521e-07,5.634858553094091e-07
1.7741142528393539e-06,0.23367124795913696,0.2898719906806946,0.00018937546701636165,0.019084183499217033,0.011942166835069656,1.2214522030262742e-05,7.925725498125757e-08,4.930054728902178e-07,0.10505471378564835,0.04166016727685928,0.18991735577583313,0.16969257593154907,0.007324053905904293,0.22103460133075714,0.2650379240512848,0.027689127251505852,0.04405708238482475,0.04666366055607796,0.22180555760860443,0.20678500831127167,0.007800499442964792,0.011559735052287579,2.0834229871979915e-05,0.0011612826492637396,0.007680884096771479,4.1345731006003916e-05,0.0014887360157445073,0.008206607773900032,0.0027640932239592075,0.0005878382362425327,0.0007123554241843522,0.00016794988187029958,0.006748345214873552,9.779232641449198e-05,0.00011275005817878991,0.14065663516521454,0.05281297117471695,0.007688906043767929,0.00022204045671969652,0.06856224685907364,0.0208616703748703,0.1048603355884552,0.009060769341886044,0.00035042205126956105,0.00017766481323633343,0.0013449577381834388,0.0010670344345271587,5.1251543482067063e-05,5.797290214104578e-05,4.303598473143211e-07,5.449354034681164e-07
1.1734699683074723e-06,0.10670843720436096,0.1474371999502182,0.00045398148358799517,0.04292711988091469,0.024945838376879692,9.513565601082519e-06,6.67749162630571e-08,3.730301898485777e-07,0.09483139216899872,0.04461418464779854,0.17991146445274353,0.16333280503749847,0.012867230921983719,0.17127372324466705,0.19353042542934418,0.031938157975673676,0.0477847084403038,0.05204097554087639,0.18988579511642456,0.219931498169899,0.008601472713053226,0.011365613900125027,1.9924176740460098e-05,0.0013376666465774179,0.005329189822077751,2.723975012486335e-05,0.0010854009306058288,0.008753386326134205,0.002253711223602295,0.0003922223695553839,0.0004749151412397623,0.00022390407684724778,0.009434248320758343,9.837182005867362e-05,0.0001234635419677943,0.11427490413188934,0.03663517162203789,0.014497216790914536,0.0001851872366387397,0.04723433405160904,0.013043255545198917,0.09005312621593475,0.008573370985686779,0.00026510670431889594,0.00011717471352312714,0.0011696377769112587,0.0006673864554613829,5.7229222875321284e-05,6.612411380046979e-05,5.721139473280346e-07,3.896084024290758e-07
6.297498202911811e-07,0.05926947295665741,0.09872803092002869,0.0010573348263278604,0.05558529123663902,0.024282483384013176,5.700635028915713e-06,5.6867232700597015e-08,1.7662966911302647e-07,0.08731129765510559,0.03743517026305199,0.2108311802148819,0.16754639148712158,0.062347959727048874,0.05856938287615776,0.06681393086910248,0.06945863366127014,0.04458821192383766,0.05267145857214928,0.18010884523391724,0.19370421767234802,0.009569580666720867,0.01197001151740551,1.6065165254985914e-05,0.0017187503399327397,0.0028511956334114075,1.0633025340212043e-05,0.0004679097328335047,0.003505253465846181,0.002967706648632884,0.001124364323914051,0.0012670090654864907,0.0001693196827545762,0.007652610074728727,0.00010402529005659744,8.283882198156789e-05,0.05070028826594353,0.0524994432926178,0.010602950118482113,0.00012170100671937689,0.02395615354180336,0.006506596226245165,0.12154287099838257,0.011655553244054317,0.0002603827742859721,0.00016696436796337366,0.0016667402815073729,0.0008973786025308073,7.770576485199854e-05,0.0001561652752570808,5.803209432997392e-07,2.9180327487665636e-07
7.059417157506687e-07,0.08412821590900421,0.12143933773040771,0.00047633424401283264,0.05252717807888985,0.01981949247419834,6.992258931859396e-06,6.671533725466361e-08,2.0070343964562198e-07,0.0704900398850441,0.02623230405151844,0.3081420660018921,0.26041901111602783,0.35631364583969116,0.008257587440311909,0.010910012759268284,0.31573596596717834,0.028149820864200592,0.02786271460354328,0.20843912661075592,0.11755324900150299,0.014644313603639603,0.014849313534796238,1.579381205374375e-05,0.005113846156746149,0.0034107828978449106,4.318334958952619e-06,0.0005198291037231684,0.0038762525655329227,0.0023934475611895323,0.002314483281224966,0.0032581649720668793,0.00012772189802490175,0.005894772708415985,0.00010836985165951774,8.402881940128282e-05,0.07106079906225204,0.09210057556629181,0.00558936083689332,8.576308027841151e-05,0.03598906099796295,0.0077468934468925,0.2266651839017868,0.011266414076089859,0.00029013343737460673,0.00016509630950167775,0.001628181547857821,0.001613445463590324,8.405454718740657e-05,0.00012007165787508711,4.263629307388328e-07,4.3182959075238614e-07
2.4130463316396344e-07,0.026059789583086967,0.03686816990375519,0.001934846630319953,0.15714508295059204,0.044357892125844955,4.598495706886752e-06,5.238555189635008e-08,1.1086783757718877e-07,0.05213649570941925,0.019962994381785393,0.2010810822248459,0.200762078166008,0.5794572830200195,0.0031741312704980373,0.005776545498520136,0.5486224889755249,0.04818671941757202,0.04389689490199089,0.2420586496591568,0.09494543075561523,0.02140823006629944,0.020456932485103607,1.7299609680776484e-05,0.009761329740285873,0.0013441977789625525,2.4259707060991786e-06,0.00010936967737507075,0.003098039887845516,0.003189962590113282,0.0023478600196540356,0.0026557862292975187,0.0001595310604898259,0.008017855696380138,0.00015902862651273608,9.246706031262875e-05,0.03647328540682793,0.10338994860649109,0.009776773862540722,5.725045411963947e-05,0.016079116612672806,0.005161990411579609,0.20178182423114777,0.008570784702897072,0.00016578994109295309,8.536824316252023e-05,0.0017981139244511724,0.0007983756950125098,5.884171696379781e-05,9.743293048813939e-05,6.755809067726659e-07,2.6712001499618054e-07
1.6508755606992054e-07,0.010958573780953884,0.017359087243676186,0.006162017583847046,0.2861764430999756,0.09405919164419174,4.439084932528203e-06,7.580543126550765e-08,1.0790905946578278e-07,0.048573579639196396,0.016826681792736053,0.06849294900894165,0.08011019974946976,0.7852103114128113,0.0009193759178742766,0.0032043911051005125,0.7804535031318665,0.12680137157440186,0.1267155259847641,0.3225777745246887,0.10418542474508286,0.02116684429347515,0.0263204388320446,2.1566629584413022e-05,0.03077545017004013,0.0009765992872416973,1.272483018510684e-06,5.253045674180612e-05,0.0022105860989540815,0.0014733478892594576,0.003751947544515133,0.0040945010259747505,0.00023686572967562824,0.01641346886754036,0.00033580727176740766,0.00019357312703505158,0.014451603405177593,0.05324336513876915,0.02801901288330555,2.7249285267316736e-05,0.013321112841367722,0.0030648342799395323,0.15805388987064362,0.012626084499061108,7.923357043182477e-05,4.056235047755763e-05,0.0015987737569957972,0.0007263656589202583,6.21668150415644e-05,0.00011530947085702792,1.1589837640713085e-06,2.866662214273674e-07
1.3457679415296298e-07,0.0089297816157341,0.01887216791510582,0.006033756770193577,0.31303146481513977,0.08816177397966385,4.527785677055363e-06,7.348141650709294e-08,1.0169827646677732e-07,0.05919473618268967,0.02336190640926361,0.10299783945083618,0.10520774126052856,0.7893556356430054,0.0008035807986743748,0.0037239196244627237,0.7990149855613708,0.08315892517566681,0.0873897448182106,0.19426484405994415,0.13012637197971344,0.01749257557094097,0.02193145826458931,4.5372769818641245e-05,0.010893544182181358,0.0004305000475142151,1.115612235480512e-06,3.137288149446249e-05,0.004158476367592812,0.0015937869902700186,0.0029224951285868883,0.0041829547844827175,0.00030932205845601857,0.007074485067278147,0.000343182822689414,0.0002894198114518076,0.025210147723555565,0.06282021105289459,0.01380402222275734,5.291386696626432e-05,0.0035791851114481688,0.0007472222205251455,0.050952546298503876,0.01290190126746893,0.0007106506964191794,0.0004551007295958698,0.002835916355252266,0.0035750705283135176,0.00015924683248158544,0.00021093233954161406,1.6983519799396163e-06,3.4186805919489416e-07
3.4329511322539474e-07,0.014651059173047543,0.019554058089852333,0.006143010687083006,0.2627311944961548,0.09023930132389069,3.6343080864753574e-06,9.718509375034046e-08,1.387192867241538e-07,0.03877114877104759,0.01182681042701006,0.12211813777685165,0.1279078871011734,0.644235372543335,0.0015458454145118594,0.0065828487277030945,0.6539718508720398,0.07445123791694641,0.07800117880105972,0.24679744243621826,0.08517681807279587,0.025700602680444717,0.03549935668706894,1.1810104297182988e-05,0.01287174317985773,0.0008066745358519256,1.60864863119059e-06,4.963689571013674e-05,0.002737022703513503,0.000847166869789362,0.0068161580711603165,0.0095394691452384,0.00011986344907199964,0.009532890282571316,9.336398943560198e-05,6.531131657538936e-05,0.03025239333510399,0.04582933709025383,0.008818474598228931,4.5601020246976987e-05,0.009600678458809853,0.002087656408548355,0.4009266197681427,0.03427731618285179,0.00027193984715268016,0.00011613985407166183,0.0023910575546324253,0.0017804693197831511,0.00021547471988014877,0.0002510154154151678,1.1612828529905528e-06,4.495197458709299e-07
3.2097926805363386e-07,0.07571367919445038,0.10065869241952896,0.0008192956447601318,0.07134608179330826,0.026171129196882248,6.318942268990213e-06,4.991623470118611e-08,1.4413082283226686e-07,0.05300295352935791,0.019104275852441788,0.31363141536712646,0.2879014015197754,0.44491061568260193,0.005039476789534092,0.00937901996076107,0.396637886762619,0.02718016318976879,0.0250244177877903,0.2087801843881607,0.08979044109582901,0.02170390635728836,0.02097838558256626,1.9497194443829358e-05,0.006995254661887884,0.002262724097818136,3.4749359656416345e-06,0.00027115439297631383,0.003217589808627963,0.002628404414281249,0.0010460529010742903,0.0012714616023004055,0.00023444206453859806,0.008190296590328217,0.0001967795251403004,0.00013979915820527822,0.04249099642038345,0.070053331553936,0.02054644376039505,8.562555012758821e-05,0.022380266338586807,0.005479050800204277,0.10355732589960098,0.006015441380441189,0.00012195519229862839,6.216320616658777e-05,0.0011334297014400363,0.0006201730575412512,5.68047325941734e-05,7.955147157190368e-05,6.1706430187769e-07,2.862441590423259e-07
4.2048597492794215e-07,0.09475430846214294,0.10241831839084625,0.0009354655630886555,0.03322325274348259,0.01999840885400772,4.9960040087171365e-06,4.095172911888767e-08,1.317108058174199e-07,0.11906491219997406,0.04165192320942879,0.298598974943161,0.25244754552841187,0.08848678320646286,0.045363426208496094,0.05354714021086693,0.0840301513671875,0.032902564853429794,0.03343247249722481,0.27019643783569336,0.169252410531044,0.008945835754275322,0.010611891746520996,2.0712788682430983e-05,0.001716955448500812,0.002407005988061428,1.1650704436760861e-05,0.0005046519218012691,0.003623661585152149,0.003347607795149088,0.0003887148341163993,0.00046265890705399215,0.0003336965455673635,0.007073982618749142,0.00011846885900013149,8.70032818056643e-05,0.03653768077492714,0.04497893527150154,0.020166942849755287,0.0001485982647864148,0.012860759161412716,0.0055723050609230995,0.05238335579633713,0.006528861820697784,0.00023409117420669645,0.0001686736650299281,0.0009925465565174818,0.0007124983239918947,5.503476859303191e-05,9.928946383297443e-05,5.835954652866349e-07,2.3260744796971267e-07
1.5377113413705956e-06,0.07391063123941422,0.08049408346414566,0.0023764048237353563,0.042855728417634964,0.039036039263010025,8.149558198056184e-06,1.1165280966451974e-07,5.271169243314944e-07,0.08183979988098145,0.029630450531840324,0.19310972094535828,0.17394417524337769,0.006616517901420593,0.3489600121974945,0.3266269564628601,0.00940784253180027,0.04513615742325783,0.047736044973134995,0.22895368933677673,0.1762416809797287,0.010509788990020752,0.017369942739605904,3.393056249478832e-05,0.0002662353799678385,0.0013833617558702826,3.267751890234649e-05,0.00020560945267789066,0.010483074933290482,0.001444117515347898,0.0033515384420752525,0.005170020740479231,0.0001410583790857345,0.002000542124733329,0.0001001051496132277,0.00017686953651718795,0.1719154417514801,0.03940160199999809,0.0034086930099874735,0.00033600343158468604,0.012766819447278976,0.0021106877829879522,0.08372712880373001,0.020020028576254845,0.0024451445788145065,0.0013289600610733032,0.003892653388902545,0.007887767627835274,0.0002849990560207516,0.0002880800166167319,1.7558547824592097e-06,7.40314646918705e-07
1.3166098824513028e-06,0.09855213016271591,0.11695209890604019,0.0012395521625876427,0.05891570448875427,0.04263930022716522,9.229313945979811e-06,8.814743068796815e-08,5.888506393603166e-07,0.08104690909385681,0.039102524518966675,0.1750597506761551,0.15013422071933746,0.0016050792764872313,0.57167649269104,0.5224196910858154,0.007422272115945816,0.049134042114019394,0.05347467586398125,0.17275112867355347,0.2080116719007492,0.011734730564057827,0.013223476707935333,5.1253842684673145e-05,0.00014493022172246128,0.0011618351563811302,0.00010270628263242543,0.0001529833534732461,0.010708281770348549,0.0031097608152776957,0.0009647401748225093,0.0012066448107361794,0.00016210562898777425,0.0014752488350495696,0.00013918675540480763,0.0002237218286609277,0.16014426946640015,0.034590866416692734,0.007406221702694893,0.0008072681957855821,0.011986258439719677,0.001971194753423333,0.04557269066572189,0.013904857449233532,0.002135122660547495,0.001251307432539761,0.0023845615796744823,0.004488729871809483,0.00013410455721896142,0.00014677154831588268,1.8734519926510984e-06,6.299666779341351e-07
1.5769780929986155e-06,0.08022415637969971,0.10940206795930862,0.0013646517181769013,0.07110890001058578,0.04346303269267082,8.469429303659126e-06,1.1659597731750182e-07,6.575922384399746e-07,0.06719061732292175,0.028148500248789787,0.15322288870811462,0.1319972425699234,0.0017402993980795145,0.5668895244598389,0.5257933139801025,0.007560649886727333,0.05883544310927391,0.0663374811410904,0.18451178073883057,0.2123902142047882,0.013283208943903446,0.01987997628748417,3.9576309063704684e-05,0.0001461297506466508,0.001626318320631981,0.00016398144362028688,0.00017588974151294678,0.008879992179572582,0.007326515857130289,0.0005595549009740353,0.0007479685009457171,0.0001782643230399117,0.000857172126416117,0.00013704222510568798,0.00018633270519785583,0.17826034128665924,0.07135222107172012,0.0067213731817901134,0.0019712152425199747,0.018041349947452545,0.0030683462973684072,0.07154269516468048,0.016501355916261673,0.001725050969980657,0.0014207670465111732,0.0011383530218154192,0.004954142961651087,8.144567254930735e-05,0.00011050280591007322,1.619046429368609e-06,6.857592325104633e-07
1.5920527403068263e-06,0.09572979062795639,0.1387433558702469,0.0016854287823662162,0.04916876554489136,0.028912058100104332,1.0067727998830378e-05,9.245138699043309e-08,5.729274903387704e-07,0.0728253573179245,0.036627184599637985,0.20352411270141602,0.18504983186721802,0.0021091136150062084,0.49921587109565735,0.44251465797424316,0.009966176003217697,0.041645728051662445,0.04078199714422226,0.1807919144630432,0.1686428338289261,0.012698126956820488,0.014263652265071869,3.878485586028546e-05,0.0002424657577648759,0.0019123845268040895,7.214549259515479e-05,0.0002968605840578675,0.00937738548964262,0.005084231961518526,0.0008809590945020318,0.001132788136601448,0.0001461988576920703,0.001008726074360311,0.00011040706158382818,0.00014849190483801067,0.17296366393566132,0.05994579941034317,0.004657868295907974,0.0012717492645606399,0.018559779971837997,0.002860940992832184,0.06997551023960114,0.01507782656699419,0.002461738418787718,0.0018852036446332932,0.0019476569723337889,0.004493392538279295,0.00010580231173662469,0.00015014391101431102,1.2876864730060333e-06,7.080764135025674e-07
1.3022317943978123e-06,0.15721476078033447,0.1794074922800064,0.0004873616562690586,0.025416450574994087,0.017246486619114876,9.144993782683741e-06,6.772899041607161e-08,3.325094155570696e-07,0.11535093933343887,0.05065923184156418,0.23512130975723267,0.2080817073583603,0.005845548119395971,0.32580476999282837,0.28336280584335327,0.015022085048258305,0.03679881617426872,0.037281669676303864,0.21015803515911102,0.23246775567531586,0.007368182297796011,0.009627694264054298,3.308467421447858e-05,0.00047299391007982194,0.0025543835945427418,2.9713270123465918e-05,0.0005778493359684944,0.007471827790141106,0.0028441213071346283,0.001030145911499858,0.0013142257230356336,0.00020558318647090346,0.005462099798023701,0.00010064105299534276,0.00012161179620306939,0.11367416381835938,0.054598238319158554,0.005838723853230476,0.00016929626872297376,0.019268980249762535,0.004660847596824169,0.06292591243982315,0.010476394556462765,0.0012678469065576792,0.0007947235717438161,0.002390682464465499,0.002537461230531335,0.00012029593926854432,0.0001654541993048042,7.232617917907191e-07,4.898023462374113e-07
4.345533000105206e-07,0.1004348173737526,0.10381343960762024,0.0006998783210292459,0.031166009604930878,0.0184580497443676,4.551310667011421e-06,3.561450867550775e-08,1.0517036486135112e-07,0.13805881142616272,0.060976460576057434,0.2508867681026459,0.2108059972524643,0.14830367267131805,0.028442803770303726,0.03297076374292374,0.1317586749792099,0.0408831350505352,0.04281246289610863,0.2718777060508728,0.21872477233409882,0.007284839171916246,0.007099782582372427,1.7623773601371795e-05,0.0018219990888610482,0.0027988979127258062,1.3641125406138599e-05,0.0006431695655919611,0.003406571689993143,0.004369958303868771,0.00027554298867471516,0.0003285203711129725,0.0002923283609561622,0.0077021499164402485,0.00010013370047090575,6.624996603932232e-05,0.036012858152389526,0.06374780833721161,0.0180125143378973,0.0001414189173374325,0.014566882513463497,0.007769453339278698,0.06451461464166641,0.00537382997572422,0.00021049876522738487,0.00017747790843714029,0.0007214857614599168,0.0006633893353864551,3.605917299864814e-05,7.963184907566756e-05,4.4895935502609063e-07,1.980168349291489e-07
3.6976419437451113e-07,0.051745280623435974,0.06791843473911285,0.0007076494512148201,0.0863540917634964,0.0312466099858284,6.077715170249576e-06,5.092540789064515e-08,1.268570315460238e-07,0.08831040561199188,0.031196504831314087,0.2558697462081909,0.23156079649925232,0.45002511143684387,0.005731265991926193,0.009062669239938259,0.4099547266960144,0.03669130429625511,0.036356132477521896,0.2652633786201477,0.15514588356018066,0.012823152355849743,0.013037364929914474,1.450931540603051e-05,0.013722816482186317,0.003886717138811946,3.1409044822794385e-06,0.0005554142408072948,0.003091616788879037,0.0030293052550405264,0.0007607912993989885,0.0009018974378705025,0.00020504073472693563,0.028722036629915237,0.00013632435002364218,7.385195203823969e-05,0.041716791689395905,0.11124143749475479,0.016238750889897346,2.2478077880805358e-05,0.04081836715340614,0.014026159420609474,0.17743676900863647,0.006221549119800329,9.769826283445582e-05,5.0036105676554143e-05,0.0010333420941606164,0.0004355759883765131,2.8775339160347357e-05,4.67033387394622e-05,3.258465142153e-07,2.376596199837877e-07
3.223523208362167e-07,0.020507771521806717,0.02849235199391842,0.0041676657274365425,0.18909123539924622,0.07133270055055618,3.6901808471156983e-06,7.260123169317012e-08,1.636471722576971e-07,0.04810008779168129,0.014568203128874302,0.05580174922943115,0.05596397817134857,0.56318598985672,0.0029191304929554462,0.007152145262807608,0.5379449129104614,0.15067201852798462,0.17777316272258759,0.28037333488464355,0.13145525753498077,0.017002321779727936,0.03120080754160881,1.1596302101679612e-05,0.019668126478791237,0.0014740867773070931,2.189985707445885e-06,9.087265789275989e-05,0.0045839399099349976,0.0006439065327867866,0.001846787636168301,0.002988554770126939,0.00016364296607207507,0.009429308585822582,0.00012089424853911623,0.00010811345418915153,0.021859316155314445,0.022826794534921646,0.025784146040678024,6.330008909571916e-05,0.018677350133657455,0.005649538245052099,0.24467138946056366,0.012273876927793026,5.571167275775224e-05,1.9352222807356156e-05,0.000664127292111516,0.0007842503255233169,6.539189053000882e-05,6.965322972973809e-05,1.1169769322805223e-06,3.0647805715489085e-07
3.5376208984416735e-07,0.031217370182275772,0.04097689688205719,0.0028551926370710135,0.14820802211761475,0.06179048866033554,4.692185484600486e-06,6.018773035521008e-08,1.990077151958758e-07,0.02804020419716835,0.0102046187967062,0.06306774914264679,0.06988479942083359,0.5510936975479126,0.0029258455615490675,0.008616069331765175,0.5207347869873047,0.13128210604190826,0.14606687426567078,0.21667201817035675,0.07658672332763672,0.028994465246796608,0.04153820127248764,9.819235856411979e-06,0.032093219459056854,0.0017202007584273815,1.5175950238699443e-06,0.00011169323261128739,0.006838603876531124,0.000629585818387568,0.0010975584154948592,0.001628765370696783,0.00022753445955459028,0.010937313549220562,9.765625873114914e-05,9.227373084286228e-05,0.032898757606744766,0.018780190497636795,0.03680944815278053,7.416707376250997e-05,0.021504217758774757,0.008654465898871422,0.24826252460479736,0.013447373174130917,6.634923192905262e-05,1.6187026631087065e-05,0.0009340757969766855,0.00043142869253642857,8.550014172215015e-05,7.323773752432317e-05,1.047542014021019e-06,2.689822906631889e-07
3.64830185617393e-07,0.06050707399845123,0.06855575740337372,0.0011220697779208422,0.10893671214580536,0.03955109789967537,4.3988134166284e-06,5.061099628278498e-08,1.488589873588353e-07,0.023285161703824997,0.010409380309283733,0.09501770883798599,0.09632524847984314,0.5229452848434448,0.003266749205067754,0.008043594658374786,0.48672518134117126,0.09011970460414886,0.09823384881019592,0.14070101082324982,0.07216504216194153,0.03392818197607994,0.034767553210258484,1.1388311577320565e-05,0.01779661886394024,0.0020698930602520704,1.9832007183140377e-06,0.0001717915729386732,0.0027741219382733107,0.0016868943348526955,0.0019254026701673865,0.002780115930363536,0.000138151430292055,0.017126839607954025,0.00014603001181967556,8.313480066135526e-05,0.028268638998270035,0.07562655210494995,0.01503594871610403,3.0313163733808324e-05,0.027086196467280388,0.007148364093154669,0.253899484872818,0.010715704411268234,8.736510062590241e-05,4.345599518273957e-05,0.0007610182510688901,0.0009717182838357985,4.3185897084185854e-05,5.318071634974331e-05,5.88911291288241e-07,2.853711293937522e-07
4.1343204770782904e-07,0.17806695401668549,0.22142909467220306,0.0004275752289686352,0.022713271901011467,0.009334788657724857,5.0091812227037735e-06,4.1317971266607856e-08,8.504959936317391e-08,0.09342176467180252,0.03720088303089142,0.2710780203342438,0.23264339566230774,0.24313074350357056,0.014510846696794033,0.022963427007198334,0.2120506912469864,0.03211084380745888,0.03500955179333687,0.22008253633975983,0.17607365548610687,0.010641883127391338,0.01009212527424097,1.1486576113384217e-05,0.00829434022307396,0.0032633987721055746,4.033151526527945e-06,0.0005830041482113302,0.0022323639132082462,0.006369534879922867,0.0005539144622161984,0.0005073303473182023,0.00025730952620506287,0.01280221901834011,9.74280119407922e-05,4.639863618649542e-05,0.030838467180728912,0.07680940628051758,0.027732715010643005,8.011894533410668e-05,0.028337843716144562,0.008953995071351528,0.18427249789237976,0.008719347417354584,0.00011493589408928528,6.93929468980059e-05,0.0012977737933397293,0.0002573833626229316,4.006175004178658e-05,8.55941980262287e-05,2.9925232070127095e-07,1.751644020941967e-07
9.268953817809233e-07,0.11601097881793976,0.14992058277130127,0.0008806859841570258,0.030853966251015663,0.018319448456168175,6.410785317711998e-06,5.64219959642287e-08,2.0750977114403213e-07,0.12933416664600372,0.04287426546216011,0.11190399527549744,0.08435560762882233,0.025004664435982704,0.11861319094896317,0.13067731261253357,0.04070904105901718,0.08623669296503067,0.10179836302995682,0.21509702503681183,0.22779785096645355,0.005899278912693262,0.00952797383069992,2.0806728571187705e-05,0.0018712521996349096,0.0024058418348431587,8.692196388437878e-06,0.0005141469300724566,0.006681550294160843,0.001925714430399239,0.0007999276858754456,0.0010161573300138116,0.0002471428597345948,0.01323248166590929,8.530224295100197e-05,7.829531386960298e-05,0.06723803281784058,0.03671629726886749,0.01236394327133894,7.903781806817278e-05,0.018644725903868675,0.004825808573514223,0.09749074280261993,0.012521540746092796,0.0005261306650936604,0.00026766315568238497,0.0020775580778717995,0.0011158803245052695,9.738973312778398e-05,0.0001297658891417086,6.512750587717164e-07,3.2877130706765456e-07
1.9787669316428946e-06,0.19577722251415253,0.20704130828380585,0.0008377729682251811,0.022061390802264214,0.016773471608757973,1.0475687304278836e-05,8.96982683684655e-08,5.288254101287748e-07,0.07090733200311661,0.03225603699684143,0.08298245817422867,0.07208431512117386,0.0032417085021734238,0.4092042148113251,0.3577917814254761,0.011659675277769566,0.09919960796833038,0.11175958067178726,0.19539527595043182,0.18096250295639038,0.010498302057385445,0.013877005316317081,3.462900349404663e-05,0.0005684077041223645,0.002719011390581727,4.024078953079879e-05,0.0004743453173432499,0.010078944265842438,0.0015903458697721362,0.001155979000031948,0.0016253687208518386,0.000218698667595163,0.0028179953806102276,0.00011405559052946046,0.0001864981750259176,0.14609546959400177,0.0322750061750412,0.009021942503750324,0.00041544149280525744,0.025130510330200195,0.004913239739835262,0.07704639434814453,0.01304798573255539,0.0007385627250187099,0.000344160565873608,0.001975249731913209,0.002388306427747011,8.63483437569812e-05,8.659967716084793e-05,1.1812544471467845e-06,6.287896212597843e-07
2.1231842310953652e-06,0.23449957370758057,0.25000330805778503,0.0001954609906533733,0.024223584681749344,0.0204693004488945,1.2644610251300037e-05,7.820161584959351e-08,6.708243063258124e-07,0.08315487205982208,0.03496791422367096,0.10727328807115555,0.09775424748659134,0.0017323960782960057,0.5350049138069153,0.4830625653266907,0.009122878313064575,0.0762970820069313,0.07841144502162933,0.2535924017429352,0.16889619827270508,0.01073408406227827,0.011485151015222073,3.764237408176996e-05,0.00047130126040428877,0.0023381351493299007,6.434801616705954e-05,0.00033675096346996725,0.013412730768322945,0.0020418802741914988,0.0011493772035464644,0.0015256267506629229,0.0001469764392822981,0.0026327555533498526,9.85438164207153e-05,0.0001829027896746993,0.14636366069316864,0.02489994280040264,0.008446217514574528,0.0004550341109279543,0.02308371663093567,0.003852255642414093,0.09378646314144135,0.01797928847372532,0.0009416385437361896,0.00043378263944759965,0.0019173264736309648,0.0030563969630748034,0.00011616975098149851,0.00010651253251126036,1.3197691259847488e-06,6.129200755822239e-07
1.516313204774633e-06,0.18022513389587402,0.21323809027671814,0.00026965467259287834,0.04251059517264366,0.022894984111189842,1.303727003687527e-05,8.205719836951175e-08,5.827578775097209e-07,0.07320700585842133,0.03319724276661873,0.07265855371952057,0.062116317451000214,0.0013559426879510283,0.5150244235992432,0.5291115045547485,0.010670769959688187,0.11125930398702621,0.12093803286552429,0.23790788650512695,0.20181314647197723,0.012162687256932259,0.012731844559311867,5.731092460337095e-05,0.0003868962812703103,0.0017445391276851296,7.071543950587511e-05,0.0002317955659236759,0.008743945509195328,0.0020728851668536663,0.0009611278073862195,0.0011331274872645736,0.00022263552818913013,0.0017184141324833035,0.00017599189595784992,0.0003175554156769067,0.10927746444940567,0.018032893538475037,0.014815110713243484,0.0007256254320964217,0.012657498940825462,0.0025345473550260067,0.039692845195531845,0.01336672157049179,0.0008927426533773541,0.00041115848580375314,0.0021025491878390312,0.00241465144790709,9.960827446775511e-05,0.00010296555410604924,1.826353923206625e-06,6.267982826102525e-07
1.6038630974435364e-06,0.25030407309532166,0.31473928689956665,0.000145731057273224,0.021822091192007065,0.013935364782810211,1.604566023161169e-05,7.780229793752369e-08,5.162909246791969e-07,0.06369175761938095,0.029652593657374382,0.07081793248653412,0.06461497396230698,0.0018525655614212155,0.4825670123100281,0.45677557587623596,0.011121504008769989,0.1112375408411026,0.1182217225432396,0.2556218206882477,0.17635396122932434,0.013066277839243412,0.013261852785944939,4.335801349952817e-05,0.000913584663067013,0.0030416592489928007,4.503106902120635e-05,0.000488709076307714,0.008704864419996738,0.0018856108654290438,0.0010806377977132797,0.0009983135387301445,0.00019548019918147475,0.0020989258773624897,0.00013772396778222173,0.00025931894197128713,0.1313098669052124,0.014498196542263031,0.014667687006294727,0.0006464500329457223,0.02223503217101097,0.004242119379341602,0.061053503304719925,0.012948459945619106,0.0006709056324325502,0.000210620419238694,0.0031999044585973024,0.0007846113876439631,7.332690438488498e-05,7.254879892570898e-05,1.0968047945425496e-06,5.079266429675044e-07
1.5137933360165334e-06,0.13526904582977295,0.19023139774799347,0.00033996294951066375,0.030820131301879883,0.016740597784519196,1.0171608664677478e-05,8.30331714496424e-08,4.895954361927579e-07,0.061190541833639145,0.027372565120458603,0.10093215852975845,0.08159957826137543,0.007652574218809605,0.27488014101982117,0.24444817006587982,0.017530249431729317,0.08598027378320694,0.1029534637928009,0.1606166511774063,0.24479345977306366,0.010845501907169819,0.016665250062942505,3.424637543503195e-05,0.0008707165834493935,0.003166717942804098,2.2099480702308938e-05,0.0006606586975976825,0.008446410298347473,0.0013268849579617381,0.0015845990274101496,0.0023312135599553585,0.00022498152975458652,0.006844727322459221,0.00013655333896167576,0.0002054409123957157,0.09762450307607651,0.030429285019636154,0.010441962629556656,0.00012173013965366408,0.026132481172680855,0.00483721075579524,0.06310895085334778,0.00939211156219244,0.0005850735469721258,0.0002797134511638433,0.0023801394272595644,0.002983715618029237,8.188738866010681e-05,8.815324690658599e-05,8.686890282660897e-07,5.13912880251155e-07
6.27823112608894e-07,0.12515218555927277,0.18589115142822266,0.00024255776952486485,0.02818753942847252,0.015896691009402275,6.985054369579302e-06,5.63300588396487e-08,2.167585648749082e-07,0.06540579348802567,0.024925118312239647,0.1281929463148117,0.10256913304328918,0.10813435167074203,0.03570518642663956,0.04294582083821297,0.10267425328493118,0.07614116370677948,0.09303310513496399,0.20389452576637268,0.15654972195625305,0.012116380035877228,0.016435502097010612,1.678608350630384e-05,0.006084340624511242,0.00412939116358757,6.296096671576379e-06,0.0007436504238285124,0.0027072629891335964,0.0019629548769444227,0.0014136428944766521,0.001566372811794281,0.0002655746939126402,0.00810215249657631,0.00016456146840937436,0.00014938932145014405,0.0367874912917614,0.036048512905836105,0.03448731452226639,0.00010404206113889813,0.03949800878763199,0.007762471213936806,0.10269565135240555,0.00691904267296195,7.613230991410092e-05,3.896870475728065e-05,0.0012327119475230575,0.0006461048033088446,2.684700484678615e-05,4.651084600482136e-05,5.351968184186262e-07,2.618812402488402e-07
5.564278922065569e-07,0.037724509835243225,0.06891694664955139,0.0007980098016560078,0.09367097914218903,0.04591182619333267,7.206012924143579e-06,7.04185438848981e-08,3.02607759294915e-07,0.0429643839597702,0.017387129366397858,0.10439424216747284,0.09244287759065628,0.3272622227668762,0.009261645376682281,0.013494131155312061,0.2992401421070099,0.08783751726150513,0.10567262023687363,0.21425040066242218,0.13704010844230652,0.017417561262845993,0.0253016147762537,8.979668564279564e-06,0.04395236819982529,0.0077895233407616615,2.0894260615023086e-06,0.0007243168656714261,0.003540195059031248,0.001534486305899918,0.0007860235054977238,0.0009878327837213874,0.00018643167277332395,0.012788977473974228,0.0001428145624231547,0.00011680735042318702,0.037612371146678925,0.0415581576526165,0.03391694277524948,7.03963014530018e-05,0.1168377548456192,0.04470353201031685,0.2335837334394455,0.007287162821739912,2.4488423150614835e-05,8.611010343884118e-06,0.0005904005374759436,0.0003135994484182447,1.863601391960401e-05,2.7523405151441693e-05,3.945503976865439e-07,2.7373374678063556e-07
5.321888352227688e-07,0.03726263344287872,0.07195758074522018,0.0009027734631672502,0.1267417073249817,0.04504331946372986,5.8141499721386936e-06,7.17804553573842e-08,3.203202822987805e-07,0.04506102204322815,0.014205943793058395,0.10740608721971512,0.09166542440652847,0.433728963136673,0.005360794253647327,0.010774978436529636,0.39546090364456177,0.08361174911260605,0.10736083984375,0.1911260038614273,0.13123823702335358,0.017261946573853493,0.030208315700292587,9.677399248175789e-06,0.06584220379590988,0.004411112517118454,1.061755710907164e-06,0.0003075494896620512,0.0037378149572759867,0.0006889788783155382,0.002321262378245592,0.0034132571890950203,0.0001369861711282283,0.02998214401304722,0.00011931528570130467,9.624622907722369e-05,0.036700326949357986,0.0348949134349823,0.020004983991384506,1.8980910681420937e-05,0.06532585620880127,0.027297869324684143,0.304066926240921,0.011730275116860867,3.91922403650824e-05,1.1277242265350651e-05,0.0009967482183128595,0.0006560201290994883,3.458267019595951e-05,3.6656634620158e-05,5.385605277297145e-07,3.7836903743482253e-07
5.181787514629832e-07,0.022644339129328728,0.05381111800670624,0.0016943862428888679,0.16596810519695282,0.05712859332561493,6.1555874708574265e-06,7.863297213361875e-08,3.55212392832982e-07,0.04042358696460724,0.015129733830690384,0.11822553724050522,0.10053718090057373,0.4678397476673126,0.004540782887488604,0.009444102644920349,0.4303053617477417,0.0773920863866806,0.10050845146179199,0.18336991965770721,0.14933118224143982,0.01914854347705841,0.031183140352368355,9.722467439132743e-06,0.059919122606515884,0.00465044192969799,1.1355300557625014e-06,0.00029793090652674437,0.00491317268460989,0.0008234308334067464,0.0019675425719469786,0.002924602711573243,0.00011434526095399633,0.041870903223752975,0.000123296253150329,0.00010083999950438738,0.04322375729680061,0.043426115065813065,0.013866394758224487,1.3998437680129427e-05,0.07598299533128738,0.02904307097196579,0.3286832571029663,0.01147471833974123,5.3279600251698866e-05,1.5702154996688478e-05,0.000991046312265098,0.0006954935961402953,4.0778260881779715e-05,3.9338723581749946e-05,4.956081056661787e-07,3.954220346713555e-07
6.810581680838368e-07,0.03936082869768143,0.06964542716741562,0.0009475359693169594,0.08489343523979187,0.04653310403227806,8.68661118147429e-06,7.275190938571541e-08,3.443105640599242e-07,0.06270411610603333,0.021534178406000137,0.11710159480571747,0.10556761175394058,0.3467399477958679,0.008408539928495884,0.012741091661155224,0.31126266717910767,0.07763586193323135,0.09052704274654388,0.2631578743457794,0.13516266644001007,0.013346700929105282,0.020049892365932465,9.351347216579597e-06,0.04308132082223892,0.006836434360593557,1.4737821629751124e-06,0.0005863846745342016,0.006124415434896946,0.0016799218719825149,0.0009125472861342132,0.0012052429374307394,0.00011909227760042995,0.009223041124641895,0.00012178307952126488,0.00010732408554758877,0.07310666888952255,0.04861825704574585,0.013288630172610283,8.64940375322476e-05,0.10919516533613205,0.03902246430516243,0.27991557121276855,0.008954341523349285,6.896164268255234e-05,2.058051359199453e-05,0.0010039635235443711,0.0004689483030233532,3.480118903098628e-05,4.2310151911806315e-05,4.3807267502415925e-07,3.4853766806008935e-07
8.287287300845492e-07,0.11301697045564651,0.14940254390239716,0.0003495770797599107,0.03193928673863411,0.020815741270780563,7.632993401784915e-06,6.991813705781169e-08,2.4789687813608907e-07,0.05868399143218994,0.023735880851745605,0.13590335845947266,0.11583936959505081,0.08977607637643814,0.038992829620838165,0.05011752247810364,0.0953008234500885,0.06966844201087952,0.07985023409128189,0.21965107321739197,0.14237284660339355,0.013628698885440826,0.017292890697717667,1.550102751934901e-05,0.004146913066506386,0.0037946305237710476,7.104815267666709e-06,0.0007341530290432274,0.0035155904479324818,0.001172394840978086,0.0023980755358934402,0.002767717931419611,0.00020213369862176478,0.0060290084220469,0.00011343301594024524,0.00011506277951411903,0.05583927035331726,0.02697315812110901,0.022394023835659027,0.00013304674939718097,0.03783213347196579,0.006942571606487036,0.13653476536273956,0.01032292004674673,0.00012789215543307364,5.360188151826151e-05,0.0022069914266467094,0.0008313072030432522,4.72606006951537e-05,6.622988439630717e-05,6.120789066699217e-07,3.4942263482662383e-07
1.0495269862076384e-06,0.11675117164850235,0.15983666479587555,0.0005277750897221267,0.027369633316993713,0.021291950717568398,1.0539037248236127e-05,6.81480543107682e-08,4.0465678807777294e-07,0.06891990453004837,0.02550358884036541,0.10713468492031097,0.09726643562316895,0.012733662500977516,0.20254886150360107,0.19566850364208221,0.02438548021018505,0.08599294722080231,0.09480520337820053,0.2511516213417053,0.1756582111120224,0.010933155193924904,0.018405059352517128,3.0308510758914053e-05,0.001748674432747066,0.0032326385844498873,1.3291082723299041e-05,0.000662490667309612,0.008501420728862286,0.0017817214829847217,0.0010373940458521247,0.0012078845174983144,0.00022201950196176767,0.004213924519717693,0.0001270293432753533,0.00018189755792263895,0.11665163934230804,0.02483524940907955,0.009909486398100853,0.0002376522752456367,0.022041697055101395,0.005448169074952602,0.057208724319934845,0.007928815670311451,0.0006442895974032581,0.0002471723419148475,0.003106513060629368,0.001131146913394332,5.670590326189995e-05,6.385525193763897e-05,8.187886919586163e-07,4.2413887513248483e-07
1.9067693983743084e-06,0.17670872807502747,0.1977519690990448,0.00028888831730000675,0.027920212596654892,0.023478062823414803,1.3065698112768587e-05,9.041040271995371e-08,5.744566919929639e-07,0.07956373691558838,0.03530748561024666,0.11324670165777206,0.1024303063750267,0.002389320405200124,0.47333353757858276,0.41835981607437134,0.010012252256274223,0.07348116487264633,0.07669726014137268,0.2486332803964615,0.19493097066879272,0.010027345269918442,0.012297317385673523,3.851556539302692e-05,0.0004611843032762408,0.0025586611591279507,5.673170380759984e-05,0.00046497813309542835,0.012487898580729961,0.0022035480942577124,0.00110927305649966,0.0013056378811597824,0.00015841206186451018,0.0014365778770297766,9.711003804113716e-05,0.00018541711324360222,0.18242043256759644,0.02452251873910427,0.007101832889020443,0.0008258884190581739,0.02162548527121544,0.0037360358983278275,0.07723642140626907,0.016074152663350105,0.0014509079046547413,0.0005941910785622895,0.002991602523252368,0.002008944982662797,0.0001010644919006154,0.00010561392264207825,1.112967197514081e-06,5.851363766851136e-07
1.1799787671407103e-06,0.1536354273557663,0.18983715772628784,0.00035264313919469714,0.04750622808933258,0.025329288095235825,8.444410013908055e-06,7.752987585263327e-08,4.3688697815014166e-07,0.08638423681259155,0.05199258774518967,0.10440057516098022,0.08851608633995056,0.0020440383814275265,0.5226566791534424,0.4745959937572479,0.009074555709958076,0.0801994651556015,0.0916162058711052,0.17594891786575317,0.2693411111831665,0.009301506914198399,0.009445011615753174,4.184138015261851e-05,0.00020385922107379884,0.0015263590030372143,0.00012386636808514595,0.00017285942158196121,0.006166952196508646,0.0034121107310056686,0.0008891852339729667,0.0010215543443337083,0.00018501552403904498,0.0015485076000913978,0.0001634774962440133,0.00023797809262759984,0.08592487126588821,0.026362277567386627,0.016462408006191254,0.0009157839813269675,0.014018750749528408,0.0027814197819679976,0.047494396567344666,0.014269158244132996,0.0006033912650309503,0.00037443172186613083,0.0014858198119327426,0.002665710635483265,8.244808850577101e-05,0.00011078091483796015,1.7709700159684871e-06,4.512192788297398e-07
1.400840915266599e-06,0.13688766956329346,0.17381514608860016,0.0005397570785135031,0.05117158219218254,0.0297434963285923,9.887219675874803e-06,1.0342162681808986e-07,6.624509296671022e-07,0.0873495414853096,0.04125591740012169,0.11032550781965256,0.0902826339006424,0.001328286831267178,0.5197546482086182,0.5578517913818359,0.011380910873413086,0.07609287649393082,0.08758056163787842,0.17420309782028198,0.2504867613315582,0.009531511925160885,0.011866342276334763,4.912436634185724e-05,0.00025953486328944564,0.0020182779990136623,0.00013596605276688933,0.0002662109909579158,0.00678964564576745,0.0036046255845576525,0.0008363344823010266,0.001023750752210617,0.0001936447515618056,0.0016830603126436472,0.00016436497389804572,0.00024731940357014537,0.09331286698579788,0.029134277254343033,0.016259673982858658,0.0008572526858188212,0.019200609996914864,0.00353874359279871,0.04303750768303871,0.010884653776884079,0.000582007342018187,0.0003727620642166585,0.0013905526138842106,0.003483288921415806,5.0213206122862175e-05,6.279326044023037e-05,1.5753787465655478e-06,6.337551212709513e-07
1.2917970479975338e-06,0.18015101552009583,0.20855601131916046,0.0002656063297763467,0.03533876687288284,0.02524643763899803,1.3669474355992861e-05,7.282493896809683e-08,6.237618777049647e-07,0.08577454090118408,0.0413271002471447,0.10766119509935379,0.09593740105628967,0.0023641043808311224,0.4569339156150818,0.42685866355895996,0.012572239153087139,0.0772077664732933,0.08272051066160202,0.23993466794490814,0.2247331291437149,0.00990481860935688,0.010972056537866592,5.638296715915203e-05,0.0004215342632960528,0.0022545347455888987,7.371349056484178e-05,0.0003070321399718523,0.010067821480333805,0.0017923684790730476,0.001199856516905129,0.0013371851528063416,0.0001692778751021251,0.0033485819585621357,0.00017333014693576843,0.0003552264242898673,0.11338406056165695,0.016277294605970383,0.011335386894643307,0.00028255165670998394,0.01580146886408329,0.0034785049501806498,0.030965503305196762,0.008977343328297138,0.0008779959753155708,0.0003534471907187253,0.0029484399128705263,0.002482336713001132,6.664010288659483e-05,6.290251621976495e-05,1.407790364282846e-06,5.694471951755986e-07
1.6815553181004361e-06,0.16402970254421234,0.23152785003185272,0.0003092672268394381,0.028025347739458084,0.017457854002714157,1.471489667892456e-05,8.545595164832775e-08,6.371099061652785e-07,0.07485531270503998,0.0308491550385952,0.09940306097269058,0.08868682384490967,0.003314896719530225,0.3949940800666809,0.36174625158309937,0.013943037949502468,0.08335534483194351,0.09261233359575272,0.2501804232597351,0.19145463407039642,0.01040318701416254,0.01441336888819933,3.8582544220844284e-05,0.000988256884738803,0.0037647963035851717,3.7777263059979305e-05,0.0007145848940126598,0.012231801636517048,0.0017198584973812103,0.0007785655907355249,0.0008593287202529609,0.0001904283999465406,0.0023194935638457537,0.00011342955258442089,0.00024462316650897264,0.17077156901359558,0.01740276999771595,0.011031930334866047,0.0005998636479489505,0.02744080126285553,0.005375675391405821,0.06213429197669029,0.011114227585494518,0.0008383452659472823,0.0002681607729755342,0.002665104577317834,0.0010702614672482014,6.816523091401905e-05,6.473057874245569e-05,9.564440688336617e-07,5.53913025669317e-07
1.113014945985924e-06,0.08302896469831467,0.12641876935958862,0.0005336702452041209,0.04751947149634361,0.026933670043945312,9.918026080413256e-06,7.869974183449813e-08,3.765145493161981e-07,0.08295292407274246,0.03301301598548889,0.09145743399858475,0.07296649366617203,0.015506407245993614,0.162907212972641,0.17203326523303986,0.03167331963777542,0.10007624328136444,0.1192692369222641,0.21315068006515503,0.29424187541007996,0.007964602671563625,0.014592215418815613,2.5049132091226056e-05,0.0016523736994713545,0.005546294152736664,2.342811058042571e-05,0.0010650285985320807,0.008239932358264923,0.002301248488947749,0.0005607287166640162,0.000670318549964577,0.0002479029935784638,0.01159388106316328,0.00014990672934800386,0.00018376002844888717,0.08773570507764816,0.03364958614110947,0.014588074758648872,0.00010735692922025919,0.041693560779094696,0.011042204685509205,0.060880325734615326,0.006580039858818054,0.0002716737217269838,0.0001215337761095725,0.0015134946443140507,0.0008516013040207326,3.8376758311642334e-05,4.784873090102337e-05,5.667502023243287e-07,3.7681988374060893e-07
6.161880605759507e-07,0.08690577000379562,0.12737825512886047,0.00036055222153663635,0.043984074145555496,0.0257236547768116,7.785478373989463e-06,7.143803770759405e-08,2.0717421023164206e-07,0.10061121731996536,0.04825524240732193,0.10106389224529266,0.07957927882671356,0.08775822073221207,0.04012531414628029,0.053731512278318405,0.10039866715669632,0.09671274572610855,0.11795079708099365,0.2540454566478729,0.2618984878063202,0.007433275226503611,0.00951611902564764,1.912744301080238e-05,0.006972292438149452,0.004181979689747095,6.3699962993268855e-06,0.0007354561821557581,0.00303680170327425,0.0013209411408752203,0.0013634981587529182,0.0013498461339622736,0.00031701033003628254,0.0089418925344944,0.00016139831859618425,0.00016846584912855178,0.03851699456572533,0.01927327923476696,0.045754723250865936,0.00010853365529328585,0.030821653082966805,0.007875284180045128,0.07914120703935623,0.007452710997313261,8.241115574492142e-05,2.9370581614784896e-05,0.0019997558556497097,0.0004445955855771899,3.4959823096869513e-05,5.078671529190615e-05,6.771896892132645e-07,3.0057086064516625e-07
6.429254426620901e-07,0.10504734516143799,0.12932515144348145,0.0006071748211979866,0.031062928959727287,0.023092327639460564,5.525836058950517e-06,5.849785011946551e-08,2.2876655236814258e-07,0.10735104233026505,0.034859299659729004,0.14762647449970245,0.12085621803998947,0.30309242010116577,0.011026985943317413,0.015430216677486897,0.26739686727523804,0.06599767506122589,0.07923106104135513,0.25937172770500183,0.20217663049697876,0.007988610304892063,0.012227267026901245,1.3040577869105618e-05,0.014995607547461987,0.00625735754147172,4.829960744245909e-06,0.0009333023335784674,0.004542600363492966,0.0016181700630113482,0.0005229259841144085,0.000849733769427985,0.00022620974050369114,0.017679600045084953,0.0001234348164871335,0.00010621556430123746,0.03240470960736275,0.04062254726886749,0.034930866211652756,5.645425335387699e-05,0.05932055041193962,0.025845015421509743,0.12262024730443954,0.005206641275435686,3.272698086220771e-05,1.714437166810967e-05,0.00032385363010689616,0.0007475106976926327,1.574810448801145e-05,2.212976323789917e-05,4.544053808785975e-07,3.2263835691992426e-07
8.097875934254262e-07,0.07428348809480667,0.10360649228096008,0.00032630449277348816,0.053448714315891266,0.02986571565270424,7.516512141592102e-06,9.112228127605704e-08,3.1286694479604193e-07,0.07798163592815399,0.03140327334403992,0.14141032099723816,0.11889144778251648,0.2856849133968353,0.011905723251402378,0.015914209187030792,0.25682058930397034,0.0687466412782669,0.08309522271156311,0.2695021629333496,0.22974778711795807,0.01049302238970995,0.016096550971269608,8.966558198153507e-06,0.02364175207912922,0.009657908231019974,3.873724381264765e-06,0.0011964025907218456,0.0043107313103973866,0.0013427704107016325,0.0010338530410081148,0.0014696884900331497,0.0001618523383513093,0.0069810329005122185,0.0001220378908328712,0.0001099651271943003,0.04430440813302994,0.03393249958753586,0.03483046591281891,0.0001371831604046747,0.13010115921497345,0.04664754122495651,0.24467699229717255,0.007583077065646648,2.2827131033409387e-05,8.08747972769197e-06,0.0006172353168949485,0.0005457479855976999,2.1510453734663315e-05,2.8354692403809167e-05,3.983132614848728e-07,3.7360729265856207e-07
7.208750503195915e-07,0.12752260267734528,0.17938731610774994,0.00022568214626517147,0.030091790482401848,0.01684068888425827,7.445752999046817e-06,5.715190454225194e-08,2.311616214001333e-07,0.07806111127138138,0.02991998940706253,0.14251868426799774,0.11738087236881256,0.19165514409542084,0.018270989879965782,0.02821657806634903,0.17110994458198547,0.06522275507450104,0.08017804473638535,0.21488429605960846,0.16807831823825836,0.010116249322891235,0.013884739018976688,1.2925554983667098e-05,0.00990174151957035,0.005129160359501839,4.430431545188185e-06,0.0008650037925690413,0.004919895902276039,0.0024912827648222446,0.0007534041069447994,0.0008430519374087453,0.00020473812764976174,0.007872870191931725,0.00011861648818012327,0.00011581890430534258,0.0693855956196785,0.044714827090501785,0.027516385540366173,0.0001441251370124519,0.06255269795656204,0.015312370844185352,0.15378086268901825,0.00695151649415493,8.18908229121007e-05,3.3322317904094234e-05,0.0010252682259306312,0.0004335812700446695,2.8375168767524883e-05,4.243396324454807e-05,4.458272542251507e-07,2.6767565941554494e-07
9.529115345685568e-07,0.1422380656003952,0.16803517937660217,0.00025393403484486043,0.02760317735373974,0.0191962867975235,8.376827281608712e-06,6.465001689548444e-08,2.4850970703482744e-07,0.08801006525754929,0.04015911743044853,0.11588968336582184,0.09623853117227554,0.05185975134372711,0.06514568626880646,0.07758210599422455,0.06707010418176651,0.07946751266717911,0.09556721150875092,0.24407868087291718,0.2312844693660736,0.008481606841087341,0.010655100457370281,1.8154179997509345e-05,0.003552166512235999,0.0037407795898616314,8.669413546158466e-06,0.0007618803647346795,0.0055239577777683735,0.001364912954159081,0.001052452134899795,0.0011621408630162477,0.0002507910248823464,0.010768833570182323,0.00010788554936880246,0.00011305593216093257,0.06677550077438354,0.023674696683883667,0.023326341062784195,0.0001045982280629687,0.029604371637105942,0.00773647939786315,0.10191411525011063,0.010936714708805084,0.00019675286603160203,7.297100819414482e-05,0.002271304139867425,0.0006200439529493451,6.131301779532805e-05,7.908336556283757e-05,6.283328275458189e-07,3.2376524927713035e-07
1.6955231103565893e-06,0.10399845242500305,0.13472378253936768,0.0005184142501093447,0.03345011919736862,0.026918824762105942,1.2366103874228429e-05,8.965722031462064e-08,6.668205969617702e-07,0.06657696515321732,0.023615527898073196,0.0957804024219513,0.0816829726099968,0.01060554664582014,0.21565324068069458,0.21122781932353973,0.023807425051927567,0.09589848667383194,0.11264791339635849,0.2537701725959778,0.23612640798091888,0.010829190723598003,0.02002464421093464,3.34948708768934e-05,0.0015687340637668967,0.004313627257943153,1.9388004147913307e-05,0.0008236945723183453,0.013945327140390873,0.001144603593274951,0.0009545598295517266,0.0015477227279916406,0.00021265284158289433,0.0082929078489542,0.0001397682208335027,0.0002534350787755102,0.13001148402690887,0.027221089228987694,0.008917668834328651,0.00011127554171252996,0.03171214461326599,0.008224625140428543,0.058219101279973984,0.008197163231670856,0.0005186257767491043,0.00020616204710677266,0.0017835821490734816,0.0026694084517657757,6.22653096797876e-05,5.645468263537623e-05,8.833658284856938e-07,6.342133929138072e-07
1.6482576938869897e-06,0.10585857182741165,0.13022001087665558,0.0006089493981562555,0.038003645837306976,0.03259407356381416,1.4967029528634157e-05,9.04977000004692e-08,7.001461312938773e-07,0.06198197603225708,0.031737376004457474,0.08521851152181625,0.08058158308267593,0.004859891254454851,0.3582920730113983,0.32287323474884033,0.013249041512608528,0.09824584424495697,0.10508769005537033,0.25896304845809937,0.1946851909160614,0.012186715379357338,0.01486631017178297,3.644654862000607e-05,0.0013901613419875503,0.003976194187998772,2.4632043277961202e-05,0.0006689168512821198,0.01358448900282383,0.0011566552566364408,0.001666819560341537,0.001968642696738243,0.00014332628052216023,0.003081668633967638,0.00012718047946691513,0.0002832972095347941,0.199584499001503,0.018597226589918137,0.006528175435960293,0.00029772138805128634,0.032361626625061035,0.006132788956165314,0.07014167308807373,0.009905364364385605,0.0008316827588714659,0.00023874148610047996,0.004118739627301693,0.0015232610749080777,5.902127668377943e-05,5.1075901865260676e-05,1.0904843747994164e-06,6.047691272215161e-07
1.5210898709483445e-06,0.2189880609512329,0.27515119314193726,0.00017454750195611268,0.024639775976538658,0.01531519740819931,1.576505383127369e-05,6.80239082839762e-08,6.781300498914788e-07,0.0679955706000328,0.03296468034386635,0.10041482001543045,0.08933400362730026,0.0020207460038363934,0.48094335198402405,0.4492492079734802,0.01143060065805912,0.08364489674568176,0.09138137847185135,0.23582042753696442,0.20715245604515076,0.012050441466271877,0.013648051768541336,5.3534196922555566e-05,0.0007946857367642224,0.003506300039589405,5.3460531489690766e-05,0.0005607124185189605,0.015215840190649033,0.00256331916898489,0.0005116743268445134,0.0005817307974211872,0.00019667373271659017,0.002223436487838626,0.0001572499459143728,0.00031458790181204677,0.17538690567016602,0.022547129541635513,0.009261025115847588,0.0005852152244187891,0.02255810797214508,0.006467233411967754,0.03455217555165291,0.007180205546319485,0.0009913718095049262,0.00036673169233836234,0.002137055853381753,0.0013527702540159225,4.973037357558496e-05,4.3955638830084354e-05,9.941727512341458e-07,5.537450533665833e-07
1.3490231367541128e-06,0.1967838704586029,0.23328503966331482,0.00017186577315442264,0.030337944626808167,0.021205715835094452,1.5049700778035913e-05,7.154862657898775e-08,6.418202929125982e-07,0.08039810508489609,0.04079194739460945,0.09675855934619904,0.08685141801834106,0.0021356986835598946,0.4506192207336426,0.44473177194595337,0.012792049907147884,0.08477547764778137,0.09018955379724503,0.25014528632164,0.21827849745750427,0.010228336788713932,0.010998488403856754,5.502122803591192e-05,0.0008003746042959392,0.0027485527098178864,4.881159111391753e-05,0.00039818178629502654,0.011455121450126171,0.001811885042116046,0.0008566341130062938,0.0009559786994941533,0.00019575998885557055,0.0029194760136306286,0.0001670473429840058,0.00033972482196986675,0.12933416664600372,0.016809461638331413,0.01225220039486885,0.0003874639514833689,0.01741214096546173,0.0045406753197312355,0.03187054395675659,0.008643361739814281,0.0008301332709379494,0.0003023114986717701,0.002608133479952812,0.0017481917748227715,5.8582885685609654e-05,5.05879579577595e-05,1.302000782743562e-06,5.797086259917705e-07
1.3311035900187562e-06,0.20407932996749878,0.2333797812461853,0.0001556494098622352,0.027314970269799232,0.02061259001493454,1.5581417756038718e-05,6.816092223971282e-08,6.674962946817686e-07,0.08413378894329071,0.03237195312976837,0.09566470235586166,0.08665091544389725,0.002825857140123844,0.43110886216163635,0.39137792587280273,0.013198703527450562,0.08708446472883224,0.09443841874599457,0.28181907534599304,0.19731596112251282,0.009591711685061455,0.013244934380054474,4.629702016245574e-05,0.0012775238137692213,0.004378614015877247,4.445111335371621e-05,0.0006880963919684291,0.011096183210611343,0.0018108936492353678,0.0007702550501562655,0.0008221982861869037,0.0001890418934635818,0.0037422815803438425,0.00016457951278425753,0.000323788495734334,0.13146249949932098,0.016900811344385147,0.012757985852658749,0.00031152574229054153,0.027976144105196,0.00781867653131485,0.03567897528409958,0.006082795560359955,0.0004885088419541717,0.00015972831170074642,0.0023951875045895576,0.0010992198949679732,3.328112870804034e-05,2.8464743081713095e-05,9.46176044180902e-07,5.175677983970672e-07
1.5287131418517674e-06,0.24064931273460388,0.298601359128952,0.00011365832324372604,0.019414199516177177,0.013744594529271126,1.7321879568044096e-05,8.646822635682838e-08,5.936235538683832e-07,0.10556211322546005,0.03644319251179695,0.1040102168917656,0.09084062278270721,0.004339281003922224,0.3162030875682831,0.3383099436759949,0.019584259018301964,0.08099585771560669,0.08851612359285355,0.3193889260292053,0.24099388718605042,0.007474550511687994,0.011058918200433254,4.874609294347465e-05,0.0012127598747611046,0.004073117394000292,3.077677320106886e-05,0.0007754398393444717,0.011304103769361973,0.0012402381980791688,0.0012217822950333357,0.0012782624689862132,0.00021168928651604801,0.004403220023959875,0.0001564050471642986,0.0003369653131812811,0.13329939544200897,0.01436866819858551,0.01273958757519722,0.00022871268447488546,0.02488734945654869,0.004680050071328878,0.04619897902011871,0.00916722696274519,0.0007781750173307955,0.00022799070575274527,0.0038973784539848566,0.0011669425293803215,8.312361751450226e-05,7.191874465206638e-05,8.181993393918674e-07,5.722520199924475e-07
1.3487207297657733e-06,0.26401466131210327,0.2972831130027771,0.00010309544450137764,0.016445068642497063,0.014340387657284737,1.3418707567325328e-05,7.482245223400241e-08,4.965050379723834e-07,0.09756582975387573,0.03784295171499252,0.11058736592531204,0.09050183743238449,0.007702500093728304,0.2528359293937683,0.2530995011329651,0.02339177578687668,0.0776987373828888,0.09322678297758102,0.25487229228019714,0.29790109395980835,0.006767055485397577,0.012232054024934769,3.330132312839851e-05,0.001702117850072682,0.005537604447454214,2.9478558644768782e-05,0.001076995162293315,0.01136007159948349,0.0016436668811365962,0.0006879543652758002,0.0007484868983738124,0.00019955402240157127,0.007585597690194845,0.0001236876705661416,0.00023274960403796285,0.11669649183750153,0.01813344471156597,0.014839086681604385,0.0001596894726390019,0.03620373085141182,0.010172278620302677,0.05243324860930443,0.006785643752664328,0.0004076907061971724,0.000125509497593157,0.0024289179127663374,0.0007705072639510036,4.684254963649437e-05,4.2775936890393496e-05,5.567596872424474e-07,4.402614592891041e-07
1.8681655546970433e-06,0.2144273966550827,0.25081682205200195,0.00023163868172559887,0.019668251276016235,0.016550516709685326,1.5722143871244043e-05,9.015244728516336e-08,7.133754138521908e-07,0.08411888778209686,0.025646360591053963,0.08385391533374786,0.07247277349233627,0.0077028535306453705,0.23752814531326294,0.2529474198818207,0.025214938446879387,0.1018485352396965,0.11774638295173645,0.2627266049385071,0.2097422033548355,0.008340124040842056,0.016878018155694008,3.0413873901125044e-05,0.00260003749281168,0.007379770278930664,2.168982791772578e-05,0.0014531734632328153,0.0125676104798913,0.0010885270312428474,0.0009758012020029128,0.0011906343279406428,0.00019906221132259816,0.009879827499389648,0.0001303841854678467,0.00024258183839265257,0.1554403007030487,0.02216600999236107,0.011072536930441856,0.00011714096763171256,0.054238926619291306,0.014536125585436821,0.07067030668258667,0.007296693976968527,0.0003676058549899608,0.00010458477481734008,0.002541204448789358,0.0010185635183006525,4.397178054205142e-05,3.532932896632701e-05,6.044992915121838e-07,6.171301834001497e-07
1.8373984858044423e-06,0.2273227721452713,0.2782054841518402,0.00020019664952997118,0.01697523333132267,0.01209566742181778,1.3069785381958354e-05,9.014969748477597e-08,5.68006669254828e-07,0.09079175442457199,0.03251948580145836,0.09633402526378632,0.08098327368497849,0.007359438110142946,0.2615825831890106,0.25282567739486694,0.02187894657254219,0.09114643931388855,0.10644340515136719,0.24305537343025208,0.247028186917305,0.007543858606368303,0.01363416574895382,2.8088143153581768e-05,0.002086217515170574,0.006566513329744339,2.317147664143704e-05,0.001451019779779017,0.009393277578055859,0.0013681952841579914,0.0010252129286527634,0.0012876831460744143,0.0002141244476661086,0.010221552103757858,0.00012173849972896278,0.00018369189638178796,0.11351228505373001,0.027808090671896935,0.01252980250865221,0.00011217236897209659,0.0517338402569294,0.0116349458694458,0.08408056199550629,0.008871451951563358,0.0003326673759147525,0.00012308890291024,0.002083221450448036,0.0012708823196589947,4.65261036879383e-05,4.333610559115186e-05,5.518292596207175e-07,5.377142997531337e-07
1.9048663943976862e-06,0.20809446275234222,0.2570861279964447,0.0001852229324867949,0.019646422937512398,0.013814391568303108,1.3259229490358848e-05,1.0451825005475257e-07,5.197684345148446e-07,0.09444411844015121,0.03829342871904373,0.09437836706638336,0.08070570975542068,0.007763727568089962,0.24756211042404175,0.24971024692058563,0.02408052422106266,0.09450685977935791,0.10836175084114075,0.27252668142318726,0.29042962193489075,0.007413747254759073,0.01208837702870369,2.647920700837858e-05,0.0018794145435094833,0.006456068716943264,2.5140598154393956e-05,0.0013854852877557278,0.008419631980359554,0.0015414953231811523,0.0012171156704425812,0.001429501106031239,0.00020216299162711948,0.008231788873672485,0.00011764852388296276,0.00017188610217999667,0.11704330891370773,0.029285376891493797,0.012147651053965092,0.0001427222741767764,0.056644197553396225,0.010802289471030235,0.10357414931058884,0.010064044035971165,0.0003257239004597068,0.0001196337107103318,0.0022560306824743748,0.0011122263967990875,5.1470822654664516e-05,5.0363451009616256e-05,5.273130341265642e-07,5.635084221466968e-07
